name,website,category,deepLooksLikeGuide,matchUrl,matchText
"AC Norddjurs","http://www.acnorddjurs.dk/","ingen-paa-forside","","",""
"Alhedens IF","http://www.frederiks-aif.dk/","ingen-paa-forside","","",""
"AIK 65 Strøby Fodbold","https://aik65fodbold.dk/","egen-kampklar-side","true","https://aik65fodbold.dk/velkommen-i-aik/#kampklar","Kampklar og Mit DBU"
"Agerbæk SF","http://www.agerbaek-sf.dk/","ingen-paa-forside","","",""
"AGF, Aarhus","http://www.agf1880fodbold.dk/","ingen-paa-forside","","",""
"AB Tårnby","http://www.abtaarnby.dk/","kun-link-til-dbu","","https://mit.dbu.dk/Login.aspx?ReturnUrl=%2f","Kampklar"
"Albertslund BS 72","http://www.bs72.dk/","ingen-paa-forside","","",""
"Albertslund IF","http://www.aif-fodbold.dk/","ingen-paa-forside","","",""
"Allingåbro IF","http://www.aiffodbold.dk/","unreachable","","",""
"Allinge-Sandvig G.F.","http://www.a-s-g.dk/","ingen-paa-forside","","",""
"Alsønderup SG&I","http://www.asgi.dk/fodbold","ingen-paa-forside","","",""
"Alminde/Viuf GIF","http://www.avgif.dk/","ingen-paa-forside","","",""
"Allerød Fodbold Klub","http://www.alleroedfk.dk/","ingen-paa-forside","","",""
"AIA-Tranbjerg","http://aiatranbjerg-fodbold.dk/","ingen-paa-forside","","",""
"Amager Fodbold Forening","http://www.amagerff.dk/","ingen-paa-forside","","",""
"Alliancen IF","http://www.ifafodbold.dk/","ingen-paa-forside","","",""
"Ansager IF","http://www.ansagerif.dk/","ingen-paa-forside","","",""
"Annisse IF","http://www.annisse-fodbold.dk/","ingen-paa-forside","","",""
"Arctos","http://www.arctos.dk/","ingen-paa-forside","","",""
"Amager International School","http://a-i-s.dk/","ingen-paa-forside","","",""
"Ans IF","http://www.ansif.dk/","ingen-paa-forside","","",""
"Arrild Idrætsforening","http://www.arrildif.dk/","ingen-paa-forside","","",""
"Arnborg IF","http://www.arnborgif.dk/","ingen-paa-forside","","",""
"Allerslev UIF","http://www.auif.dk/","ingen-paa-forside","","",""
"Allested U & IF","http://www.allested-ui.dk/","ingen-paa-forside","","",""
"Alslev Sport & Kultur","http://www.alslevsk.dk/","ingen-paa-forside","","",""
"Askov/Malt UI","http://www.amui.dk/","ingen-paa-forside","","",""
"Assens FC","http://www.assensfc.dk/","ingen-paa-forside","","",""
"ASA, Aarhus","http://www.asa-fodbold.dk/","egen-kampklar-side","true","https://www.asa-fodbold.dk/medlemskab/dbu-appen/kampklar/","KampKlar"
"Arden IF","http://www.jarl-arden.dk/","ingen-paa-forside","","",""
"Aulum IF","http://www.aulumif.dk/","ingen-paa-forside","","",""
"Avarta (professional)","http://www.avartaelite.dk/","ingen-paa-forside","","",""
"Asnæs BK","http://www.asnaesboldklub.dk/","ingen-paa-forside","","",""
"B 1990","http://www.b1990.dk/","unreachable","","",""
"Andrup IF","http://www.andrupif.dk/","ingen-paa-forside","","",""
"B 65","http://www.b65.dk/","ingen-paa-forside","","",""
"B 74 Silkeborg","http://www.b74.dk/","ingen-paa-forside","","",""
"B 1909","http://www.b1909.dk/","ingen-paa-forside","","",""
"B 67","http://www.b67.dk/","ingen-paa-forside","","",""
"B 93 (professional)","http://www.b93.dk/","ingen-paa-forside","","",""
"As IF","http://www.as-if.dk/","ingen-paa-forside","","",""
"B. 82, Virum","http://www.b82.dk/","egen-kampklar-side","false","http://www.b82.dk/medlemskab/kampklar.php","Kampklar"
"B 1938","http://www.b1938.dk/","ingen-paa-forside","","",""
"B Chang","http://www.bchang.dk/","ingen-paa-forside","","",""
"B. 73, Slagelse","http://www.b73.dk/","ingen-paa-forside","","",""
"B. 77, Rødovre","http://www.b77fodbold.dk/","ingen-paa-forside","","",""
"B. 1973, Herlev","http://www.b1973.dk/","egen-guide","false","https://www.b1973.dk/media/3336/guide-til-hjemmesiden.pdf","Guide til KampKlar"
"Ballerup Boldklub","http://www.ballerupboldklub.dk/","unreachable","","",""
"B52/Aalborg Fodbold Club","http://www.b52.dk/","ingen-paa-forside","","",""
"Bagterp IF","http://www.bagterp.dk/","kun-link-til-dbu","","https://klubservice.dbu.dk/kampklar/vejledning/til-spillere-og-foraeldre/","Spillere- og for&#230;ldrevejledning til kampklar"
"B. Frem","http://www.bfremsaks.dk/","ingen-paa-forside","","",""
"Ballum IF","http://www.ballumif.dk/","ingen-paa-forside","","",""
"B1913","http://www.b1913.dk/","ingen-paa-forside","","",""
"Ballerup-Skovlunde Fodbold","http://www.bsfodbold.dk/","ingen-paa-forside","","",""
"Bangsbo Freja","http://www.bangsbofreja.dk/","ingen-paa-forside","","",""
"Bevtoft IF","http://www.buif.gominisite.dk/","ingen-paa-forside","","",""
"Balle Musik- og Idrætsefterskole","http://www.balle-efterskole.dk/","ingen-paa-forside","","",""
"Benløse IF","http://www.benloseif.dk/","ingen-paa-forside","","",""
"BFC Lundegården","http://www.bfcl.dk/","ingen-paa-forside","","",""
"Biersted IF","http://www.bierstedif.dk/","ingen-paa-forside","","",""
"Bagsværd BK","http://www.bagsvaerdboldklub.dk/","ingen-paa-forside","","",""
"Billund IF","http://www.billundfodbold.dk/","ingen-paa-forside","","",""
"Birket Boldklub","http://www.birketboldklub.dk/","unreachable","","",""
"Birkelse IF","http://www.birkelse-if.dk/","ingen-paa-forside","","",""
"Birkende BK","http://www.birkendeboldklub.dk/","ingen-paa-forside","","",""
"Bedsted UIF","http://www.bedstedsogn.dk/","ingen-paa-forside","","",""
"Bindslev/Tversted IF","http://www.bti-if.dk/","ingen-paa-forside","","",""
"Bjert IF","http://www.bjertif.dk/","unreachable","","",""
"BGI Akademiet","http://www.bgi.dk/","ingen-paa-forside","","",""
"Bispebjerg Boldklub","http://www.bispebjergboldklub.dk/","ingen-paa-forside","","",""
"BK Avarta","http://www.avarta.dk/","ingen-paa-forside","","",""
"Bjerringbro IF","http://www.bjerringbroif.dk/","ingen-paa-forside","","",""
"Bedsted IF","http://www.bedstedif.dk/","ingen-paa-forside","","",""
"BK Vestfyn","http://www.bkvestfyn.dk/","unreachable","","",""
"BK Friheden","http://www.bkfriheden.dk/","ingen-paa-forside","","",""
"BK Stjernen af 1968","http://www.bkstjernen.dk/","kun-link-til-dbu","","https://mit.dbu.dk/MyTeam/MyTeam.aspx","Kampklar"
"BK Frem (professional)","http://www.bkfrem.dk/","ingen-paa-forside","","",""
"Blenstrup IF","http://www.blenstrup-if.dk/","ingen-paa-forside","","",""
"BK Vest, Rødovre","http://www.bk-vest.dk/","ingen-paa-forside","","",""
"Boeslunde BK","http://www.boeslundeboldklub.dk/","ingen-paa-forside","","",""
"Bolbro GIF","http://www.bolbrogif.dk/","ingen-paa-forside","","",""
"Boldklubben af 1893","http://fodbold.b93.dk/","ingen-paa-forside","","",""
"Bogense G & IF","http://www.bgfodbold.dk/","ingen-paa-forside","","",""
"Boldklubben 1903","http://www.b1903.dk/","ingen-paa-forside","","",""
"Bjerregrav B","http://www.bjerregrav-boldklub.dk/","ingen-paa-forside","","",""
"Boldklubben 1908","http://www.b1908.dk/","ingen-paa-forside","","",""
"BK Posten","http://www.bkposten.dk/","ingen-paa-forside","","",""
"Blovstrød IF","http://www.blovstrod-if.dk/","ingen-paa-forside","","",""
"Avedøre IF","http://www.avedorefodbold.dk/","ingen-paa-forside","","",""
"Boldklubben anno 2007","http://www.facebook.com/BKanno2007","ingen-paa-forside","","",""
"Boldklubben Heimdal","https://www.holdsport.net/klub/boldklubben-heimdal","ingen-paa-forside","","",""
"Boldklubben Enghaven","http://www.bk-enghaven.dk/","ingen-paa-forside","","",""
"Boldklubben Klitten","http://boldklubbenklitten.dk/","unreachable","","",""
"Boldklubben Fremad Amager","http://www.fremad-amager.dk/","ingen-paa-forside","","",""
"Boldklubben Fremad Valby","http://www.fremadvalby.dk/","egen-kampklar-side","true","https://www.fremadvalby.dk/fodbold/information/kampklar/","KampKlar"
"Boldklubben Frem","http://bkfrem.dk/","ingen-paa-forside","","",""
"Boldklubben Pioneren","http://www.pioneren.dk/","ingen-paa-forside","","",""
"Boldklubben Fix","http://www.boldklubbenfix.dk/","egen-kampklar-side","true","https://www.boldklubbenfix.dk/boern-ungdom/info/kampklar-ny-spiller-foraeldre/","Kampklar - Ny spiller/for&#230;ldre"
"Boldklubben Marienlyst","http://www.b-marienlyst.dk/","ingen-paa-forside","","",""
"Boldklubben Døvania","http://www.dovania.dk/","ingen-paa-forside","","",""
"Boldklubben Sundby KFUM","http://www.sundby-kfum.dk/","unreachable","","",""
"Boldklubben Skjold","http://www.bkskjold.dk/","ingen-paa-forside","","",""
"Boldklubben Hekla","http://www.bkhekla.dk/","ingen-paa-forside","","",""
"Boldklubben Stefan","http://www.bkstefan.dk/","ingen-paa-forside","","",""
"Boldklubben Vestkysten","http://www.bvoksbol.dk/","ingen-paa-forside","","",""
"Boldklubben Rødovre","http://www.bkrodovre.dk/","egen-kampklar-side","true","https://www.bkrodovre.dk/klubben/kampklar-spillerlicens-hjaelp/","Kampklar, Spillerlicens HJ&#198;LP!"
"Boldklubben Volvox","http://www.volvox.dk/","ingen-paa-forside","","",""
"Boldklubben Olympia 1921","http://www.bkolympia1921.dk/","ingen-paa-forside","","",""
"Boldklubben Union","http://www.bkunion.dk/","ingen-paa-forside","","",""
"Borup IF (J)","http://www.borupif.dk/","ingen-paa-forside","","",""
"Bording IF","http://www.bordingif.dk/","ingen-paa-forside","","",""
"Bork FK","http://www.borkfk.dk/","ingen-paa-forside","","",""
"Bov IF","http://fodbold.bovif.dk/","ingen-paa-forside","","",""
"Borup IF Fodbold","http://www.borupfodbold.dk/","ingen-paa-forside","","",""
"Bramdrupdam GIF","http://www.bgif.dk/","egen-guide","false","https://bgif.dk/kampklar-guide/","Kampklar"
"Brabrand IF","http://www.brabrand-fodbold.dk/","egen-kampklar-side","true","https://www.brabrand-fodbold.dk/spiller/kampklar-dbu-appen/","Kampklar - DBU Appen"
"Bramming B","http://www.brammingboldklub.dk/","ingen-paa-forside","","",""
"Brabrand IF (professional)","http://www.brabrandfodbold.dk/","ingen-paa-forside","","",""
"Bramsnæs FB","http://www.bramsnaesfb.dk/","ingen-paa-forside","","",""
"Bredballe IF","http://www.bredballe-if.dk/fodbold/","ingen-paa-forside","","",""
"Brande IF","http://www.brande-if.dk/","ingen-paa-forside","","",""
"Brovst IF","http://www.brovst-if.dk/","unreachable","","",""
"Brede IF","http://www.brede-if.dk/","ingen-paa-forside","","",""
"Broager UI","http://www.bui-fodbold.dk/","ingen-paa-forside","","",""
"Borsholm-Skibstrup IF","http://www.borsholm.dk/","ingen-paa-forside","","",""
"Boldklubben Vestia","http://www.vestia.dk/","ingen-paa-forside","","",""
"Bryrup IF","http://www.bryrupif.dk/","unreachable","","",""
"Branderslev IF","http://www.branderslevif.dk/","ingen-paa-forside","","",""
"Brødeskov IF","http://www.broedeskov.dk/","ingen-paa-forside","","",""
"Boldklubben VLI","http://www.vlifodbold.dk/","ingen-paa-forside","","",""
"Brylle BK","http://www.bryllebk.dk/","ingen-paa-forside","","",""
"Brædstrup IF","http://braedstrupiffodbold.dk/","ingen-paa-forside","","",""
"Brønderslev IF","http://www.bi-fodbold.dk/","ingen-paa-forside","","",""
"Brøndbyernes IF","http://www.brondbyif.net/","ingen-paa-forside","","",""
"Bække SF","http://www.baekke.dk/","ingen-paa-forside","","",""
"BUF Horsens","http://www.bufhorsens.dk/","ingen-paa-forside","","",""
"Bruunshåb-Tapdrup-Arnbjerg IF","http://www.bt-if.dk/","ingen-paa-forside","","",""
"Bøvling UF","http://www.boevlingik.dk/","ingen-paa-forside","","",""
"Brønshøj Boldklub","http://www.bronshojboldklub.dk/","ingen-paa-forside","","",""
"Brøndby Strand IK","http://bsifodbold.dk/","ingen-paa-forside","","",""
"Bøvling Idrætsefterskole","http://www.bi-efterskole.dk/","ingen-paa-forside","","",""
"Christiania Sports Club","http://www.cscfodbold.dk/","ingen-paa-forside","","",""
"Christiansbjerg IF","http://www.cif-fodbold.dk/","ingen-paa-forside","","",""
"CBS Sport","http://www.cbssport.dk/","ingen-paa-forside","","",""
"Båring GF","http://båringgf.dk/","ingen-paa-forside","","",""
"Dalby GF","http://www.dalbygf.klub-modul.dk/","ingen-paa-forside","","",""
"Bredebro IF","http://www.bredebro-if.dk/","ingen-paa-forside","","",""
"DAI - Fodbold","http://www.dai-kbh.dk/","ingen-paa-forside","","",""
"Brøruphus Efterskole","http://www.broeruphus.dk/","ingen-paa-forside","","",""
"Dalby GI (H)","http://www.dalbysport.dk/","ingen-paa-forside","","",""
"Copenhagen Celtic","http://www.copenhagenceltic.com/","ingen-paa-forside","","",""
"Christiansfeld IF","http://www.christiansfeldif.dk/","ingen-paa-forside","","",""
"Dalby IF / HFK fodbold","http://dalby1901.dk/","ingen-paa-forside","","",""
"Dalby IF","http://www.dalbyif.dk/","ingen-paa-forside","","",""
"Christianshavns Idræts Klub","http://www.cik-fodbold.dk/","ingen-paa-forside","","",""
"Dalum IF","http://www.dalumif.dk/","ingen-paa-forside","","",""
"Dana Cup Sports Center","http://www.danacupsportscenter.dk/","ingen-paa-forside","","",""
"Design- & Idrætsefterskolen Skamling","http://www.skamling.dk/","ingen-paa-forside","","",""
"Dejbjerglund Efterskole","http://www.dejbjerglund.dk/","ingen-paa-forside","","",""
"Darum IF","http://www.darumif.dk/","ingen-paa-forside","","",""
"Dianalund IF","http://www.dianalundfodbold.dk/","ingen-paa-forside","","",""
"DGI Midtjylland","http://www.dgi.dk/fodbold/midtjylland","ingen-paa-forside","","",""
"Djurslands Efterskole","http://www.djurslands-efterskole.dk/","ingen-paa-forside","","",""
"Dansk Træner Union","http://www.dtunet.dk/","ingen-paa-forside","","",""
"Dragør Boldklub","http://www.dragoer-boldklub.dk/","ingen-paa-forside","","",""
"Doense/Vebbestrup IF","http://www.dvif.dk/","ingen-paa-forside","","",""
"Dronningborg B","http://www.dbfodbold.dk/","ingen-paa-forside","","",""
"Døllefjelde Musse IF","http://www.musse.dk/","ingen-paa-forside","","",""
"DGF Flensborg","http://www.dgf-flensborg.de/","ingen-paa-forside","","",""
"Dronninglund IF","http://www.diffodbold.dk/","ingen-paa-forside","","",""
"Egen UI","http://www.eui.dk/","ingen-paa-forside","","",""
"Egebjerg IF","http://www.egebjerg-if.dk/","ingen-paa-forside","","",""
"Ebberup IF","http://www.ebberup-if.dk/","ingen-paa-forside","","",""
"Egebjerg Fodbold","http://www.egebjerg-fodbold.dk/","ingen-paa-forside","","",""
"Egmont Rollators FC","http://www.egmontrollatorsfc.dk/","ingen-paa-forside","","",""
"De 7 Dale Idrætsforening","https://de7dale-if.dk/","ingen-paa-forside","","",""
"Ebeltoft IF","http://www.ebeltoftfodbold.dk/","egen-kampklar-side","false","https://www.ebeltoftfodbold.dk/om-klubben/for-traenere/kampklar/","Kampklar"
"Ejstrupholm IF","http://www.ejstrupholmif.dk/","unreachable","","",""
"Endeslev-Vråby IF","http://www.evif.dk/","unreachable","","",""
"Ejby IK","http://www.ejbyik.dk/","ingen-paa-forside","","",""
"Egtved IF","http://www.egtvedif.dk/dk/fodbold/","ingen-paa-forside","","",""
"Elbæk Efterskole","http://www.elbaek-efterskole.dk/","ingen-paa-forside","","",""
"Efterskolen Ådalen","http://www.efterskolen-aadalen.dk/","ingen-paa-forside","","",""
"Errindlev G & I","http://www.egi.dk/","ingen-paa-forside","","",""
"Ejby IF Fodbold","http://www.ejbyiffodbold.dk/","ingen-paa-forside","","",""
"Esbjerg Firmaidræt","http://www.esbjerg-firmaidraet.dk/","ingen-paa-forside","","",""
"Ejby IF 1968","http://www.ejbyif68.dk/","egen-kampklar-side","false","https://www.ejbyif68.dk/kampklar/","Kampklar"
"Esbjerg fB","http://www.efb.dk/","ingen-paa-forside","","",""
"Erritsø GIF","http://www.egif-fodbold.dk/","egen-kampklar-side","true","https://www.egif-fodbold.dk/medlem/kampklar/","Kampklar"
"Dall-Ferslev IF","http://www.dallferslev-if.dk/","ingen-paa-forside","","",""
"Espergærde IF","http://www.eif-fodbold.dk/","ingen-paa-forside","","",""
"Eskilstrup BK","http://www.eskilstrupboldklub.dk/","ingen-paa-forside","","",""
"Esbjerg IF 92","http://www.if92fodbold.dk/","ingen-paa-forside","","",""
"Esrum IF","http://www.esrumif.dk/","egen-guide","false","https://www.esrumif.dk/media/1758/informationsbrev-omkring-kampklar-ver-c.pdf","Guide til kampklar"
"FA 2000","http://www.frederiksbergalliancen.dk/","ingen-paa-forside","","",""
"Farsø/Ullits IK","http://www.fuik.dk/","ingen-paa-forside","","",""
"FC Avrasya","http://www.avrasya.dk/","ingen-paa-forside","","",""
"F.C. Gladsaxe","http://www.fcgladsaxe.dk/","ingen-paa-forside","","",""
"Farum BK","http://www.farum-boldklub.dk/","ingen-paa-forside","","",""
"FC Bøgeskov","http://www.fcbøgeskov.dk/","unreachable","","",""
"Fanø B","http://www.fanøboldklub.dk/","ingen-paa-forside","","",""
"Faxe BK","https://faxeboldklub.dk/","ingen-paa-forside","","",""
"FC Dunav","http://www.fcdunav.dk/","unreachable","","",""
"F.C. Lange Bolde","http://www.fclangebolde.dk/","ingen-paa-forside","","",""
"FC Culpa","http://www.fcculpa.dk/","ingen-paa-forside","","",""
"FC Campus","http://www.fccampus.dk/","ingen-paa-forside","","",""
"FC Glesborg","http://www.fc-glesborg.dk/","ingen-paa-forside","","",""
"FC BiH Odense","http://www.facebook.dk/FcBihOdense","ingen-paa-forside","","",""
"FC Hjallese","http://www.fchjallese.dk/","ingen-paa-forside","","",""
"FC Faaborg","http://www.fcfaaborg.dk/","ingen-paa-forside","","",""
"FC Broby","http://www.fcbroby.dk/","egen-kampklar-side","true","https://www.fcbroby.dk/klubben/fcb-er-kampklar-er-du/","FCB er kampklar! Er du?"
"FC Hvidovre","http://www.fchvidovre.dk/","ingen-paa-forside","","",""
"FC Holte","http://www.fcholte.dk/","ingen-paa-forside","","",""
"FC Kurant","http://www.fckurant.dk/","ingen-paa-forside","","",""
"FC Lejre","http://www.fclejre.dk/","kun-link-til-dbu","","https://klubservice.dbu.dk/kampklar/","DBU KampKlar"
"FC Horsens","http://www.fchorsens.dk/","ingen-paa-forside","","",""
"FC Jonstrup","http://www.fcjonstrup.dk/","ingen-paa-forside","","",""
"FC King George","http://www.fckg.dk/","ingen-paa-forside","","",""
"FC Nanoq","http://www.fcnanoq.dk/","ingen-paa-forside","","",""
"FC Nakskov","http://www.fcnakskov.dk/","ingen-paa-forside","","",""
"FC Nyhavn","http://www.facebook.com/FCNyhavn/","ingen-paa-forside","","",""
"FC Odense","http://www.fcodense.dk/","ingen-paa-forside","","",""
"FC SevenOaks","http://www.fcsevenoaks.dk/","unreachable","","",""
"FC Ryparken","http://www.fcryparken.dk/","ingen-paa-forside","","",""
"FC Royal","http://www.facebook.com/FC.Royal.Fodbold.Aarhus","ingen-paa-forside","","",""
"FC Damsø","http://www.fcdamsoe.dk/","ingen-paa-forside","","",""
"FC Skanderborg","http://www.fcskanderborg.dk/","ingen-paa-forside","","",""
"FC Sydvest 05 Tønder (professional)","http://www.fcsydvest.dk/","ingen-paa-forside","","",""
"FC Udfordringen","http://www.fcudfordringen.dk/","ingen-paa-forside","","",""
"FC Roskilde (professional)","http://www.fc-roskilde.dk/","ingen-paa-forside","","",""
"FC Ypsilon","http://www.fcy.dk/","ingen-paa-forside","","",""
"FC Rangers","http://www.fcrangers.dk/","ingen-paa-forside","","",""
"FC Helsingør","http://www.fchtalent.dk/","ingen-paa-forside","","",""
"FF Klettar","http://www.ffklettar.dk/","unreachable","","",""
"Felsted IF","http://www.felsted-if.dk/","ingen-paa-forside","","",""
"FCH 6100","http://www.fch6100.dk/","ingen-paa-forside","","",""
"FIF, Hillerød","http://www.fif-hillerod.dk/","ingen-paa-forside","","",""
"FC Storebælt","http://www.fcstorebaelt.dk/","ingen-paa-forside","","",""
"Filskov IF","http://www.filskov-if.dk/","ingen-paa-forside","","",""
"Fjerritslev IF","http://www.fiffodbold.dk/","ingen-paa-forside","","",""
"FK Odsherred","http://www.fkodsherred.dk/","ingen-paa-forside","","",""
"Fjorden IF","http://www.iffjorden.dk/","ingen-paa-forside","","",""
"Fjordager IF","http://www.fjordagerfodbold.dk/","ingen-paa-forside","","",""
"Feldborg/Haderup IF","http://www.fhif.dk/","ingen-paa-forside","","",""
"Flemløse BK","http://www.flemloese-boldklub.dk/","ingen-paa-forside","","",""
"Fjelsted/Harndrup IF","http://www.fjelstedharndrup-if.dk/","ingen-paa-forside","","",""
"Fodboldklubben Prespa","http://www.fkprespa.dk/","ingen-paa-forside","","",""
"FK Utopia","http://www.fkutopia.dk/","ingen-paa-forside","","",""
"FLUIF-MORS","http://www.fluif.dk/","ingen-paa-forside","","",""
"Football Club Vietnam","http://www.fcvn.dk/","unreachable","","",""
"FK 73","http://www.fk73.dk/","ingen-paa-forside","","",""
"FodboldHoldet Herning","http://www.fhherning.dk/","ingen-paa-forside","","",""
"Fortuna Hjørring","http://www.fortunahjorring.dk/","ingen-paa-forside","","",""
"Fortuna Hjørring (professional)","http://www.fortunahjorring.dk/","ingen-paa-forside","","",""
"Fodboldklubben Sorø Freja","http://www.sorøfreja.dk/","ingen-paa-forside","","",""
"Fr.holm Sydhavnen","http://www.boldklubbenfrederiksholmsydhavnen.dk/","ingen-paa-forside","","",""
"Foulum IF","http://www.foulumif.dk/","ingen-paa-forside","","",""
"Fortuna Svendborg","http://www.fortuna-svendborg.dk/","egen-guide","true","https://www.fortuna-svendborg.dk/foraeldreinfo/kom-i-gang-med-kampklar/","Kom i gang med Kampklar"
"Frederikshavn fI","http://www.ffifodbold.dk/","ingen-paa-forside","","",""
"Fløng-Hedehusene Fodbold","http://www.fhfodbold.dk/","egen-kampklar-side","true","https://www.fhfodbold.dk/praktisk-info/kampklar-styrker-holdet/","KampKlar - Styrker holdet!"
"Frederiksberg Boldklub","http://www.frederiksberg-boldklub.dk/","kun-link-til-dbu","","https://mit.dbu.dk/MyTeam/MyTeams.aspx","Login KampKlar MitDBU"
"Fredericia KFUM","http://www.fredericiakfum.dk/","ingen-paa-forside","","",""
"Fredericia fF","http://www.fredericiaff.dk/","ingen-paa-forside","","",""
"Fredensborg BI","http://fbi-bold.dk/","ingen-paa-forside","","",""
"Fremad Amager Elite (professional)","http://www.fremad-amager.dk/","ingen-paa-forside","","",""
"Fuglebakken KFUM Århus","http://www.fuglebakkenkfum.dk/","kun-link-til-dbu","","https://mit.dbu.dk/login.aspx","KampKlar / Mit DBU"
"Funder GF","http://www.fundergffodbold.dk/","unreachable","","",""
"Futsal Club Fjordbold","http://www.fcfjordbold.dk/","ingen-paa-forside","","",""
"Frem Hellebæk","http://www.ifh-fodbold.dk/","kun-link-til-dbu","","https://klubservice.dbu.dk/kampklar/saadan-kommer-du-igang/hvordan-bliver-jeg-kontaktperson-for-mit-barn/","S&#229;dan bliver du kontaktperson for dit barn"
"Fynslund B","http://www.fynslundboldklub.dk/","ingen-paa-forside","","",""
"Førslev IF","http://www.forslevif.dk/","ingen-paa-forside","","",""
"Frederiksværk Fodbold Klub","http://www.ffk-fodbold.dk/","ingen-paa-forside","","",""
"FK Sydsjælland 05","http://www.fk05.dk/","ingen-paa-forside","","",""
"Frederikssund IK","http://www.fikfodbold.dk/","ingen-paa-forside","","",""
"Føvling/Stenderup UI","http://www.fsui.dk/","ingen-paa-forside","","",""
"Gadevang IF","http://www.gadevang-if.dk/","ingen-paa-forside","","",""
"Galten FS","http://galtenfsfodbold.dk/","kun-link-til-dbu","","http://www.dbu.dk/klubservice/it-tilbud/kampklar","DBU KampKlar"
"Gandrup SK","http://www.gandrup-sportsklub.dk/","ingen-paa-forside","","",""
"Gedved IF","http://www.gedved-if.dk/","ingen-paa-forside","","",""
"Gauerslund IF","http://www.gauerslundiffodbold.dk/","ingen-paa-forside","","",""
"Gelsted G & IF","http://www.ggif-fyn.dk/","ingen-paa-forside","","",""
"Fårevejle BK","http://www.faarevejle-bk.dk/","ingen-paa-forside","","",""
"Føllenslev-Særslev IF","http://www.fsifodbold.dk/","ingen-paa-forside","","",""
"Fursund IF","http://www.fursundif.dk/","ingen-paa-forside","","",""
"Gesten IF","http://www.gesten-if.dk/","ingen-paa-forside","","",""
"GFG Voel","http://www.gfg-voel.dk/","ingen-paa-forside","","",""
"Gentofte-Vangede Idrætsforening","http://www.gvi-fodbold.dk/","ingen-paa-forside","","",""
"Gevninge IF","http://www.gevninge-fodbold.dk/","ingen-paa-forside","","",""
"Giovani Hajduk","http://www.hajduk.dk/","ingen-paa-forside","","",""
"Gilleleje FK","http://www.gillelejefodboldklub.dk/","ingen-paa-forside","","",""
"Fuglebjerg IF","https://fuglebjergif.dk/afdelinger/fodbold/tilmeld","ingen-paa-forside","","",""
"Give Fremad","http://www.givefremad.dk/","ingen-paa-forside","","",""
"Givskud GUF","http://www.givskud.dk/","ingen-paa-forside","","",""
"Fårvang IF","http://www.hfif.dk/","ingen-paa-forside","","",""
"Gl. Rye IF","http://www.glryeif.dk/","ingen-paa-forside","","",""
"Glostrup 95","http://www.glostrup95.dk/","unreachable","","",""
"Gladsaxe-Hero BK","http://www.gladsaxe-hero.dk/","ingen-paa-forside","","",""
"Gjern IF","http://www.gjern-if.dk/","ingen-paa-forside","","",""
"Grantoften IF","http://www.grantoften-if.klub-modul.dk/","ingen-paa-forside","","",""
"Glamsbjerg IF","http://www.glamsbjergif.dk/","ingen-paa-forside","","",""
"GIF-Gram","http://www.gramif.dk/","ingen-paa-forside","","",""
"Grauballe UGF","http://www.gugf.dk/","ingen-paa-forside","","",""
"Grejs-Dalen Idrætsklub","http://www.gdik.dk/","ingen-paa-forside","","",""
"Glostrup FK - IF 32","http://www.glostrupfodbold.dk/","ingen-paa-forside","","",""
"Gredstedbro B","http://www.gredstedbrob.dk/","ingen-paa-forside","","",""
"Grønbjerg Aktiv Fritid For Alle","http://www.groenbjerg-aktiv.dk/fodbold.html","ingen-paa-forside","","",""
"Grindsted GIF","http://www.ggif-fodbold.dk/","ingen-paa-forside","","",""
"Grønbjerg/Langelund IF","http://www.gliffodbold.dk/","unreachable","","",""
"Grønne Stjerne","http://www.gronnestjerne.dk/","unreachable","","",""
"Græsted IF","http://www.græstedif.dk/","ingen-paa-forside","","",""
"Gislinge BK","http://www.gislingeboldklub.dk/","egen-guide","true","https://gislingeboldklub.dk/vejledninger/","DBU Kampklar"
"Greve Fodbold","http://www.grevefodbold.dk/","ingen-paa-forside","","",""
"Grundfør UI","http://www.guisport.dk/","ingen-paa-forside","","",""
"Gug B","http://www.gugboldklub.dk/","ingen-paa-forside","","",""
"Gundsølille SGIF","http://www.gundsolille.dk/","unreachable","","",""
"Gråsten B","http://www.ny.graasten-boldklub.dk/","ingen-paa-forside","","",""
"Grenaa IF","http://www.grenaaif.dk/","egen-kampklar-side","false","https://www.grenaaif.dk/om-klubben/for-traenere/dbu-kampklar/","DBU KampKlar"
"Gudumholm IF","http://www.gudumholm-if.dk/","ingen-paa-forside","","",""
"Guldborg IF","http://www.guldborgif.dk/","ingen-paa-forside","","",""
"Gudum Nissum IF","http://www.gnif.dk/","ingen-paa-forside","","",""
"Gørslev IF","http://www.goerslev-if.dk/","ingen-paa-forside","","",""
"Gaarslev GF","http://www.gaarslevgf.dk/","ingen-paa-forside","","",""
"GVL Løkken","http://www.gvlloekken.dk/","ingen-paa-forside","","",""
"Haderslev FK","http://www.hfk-haderslev.dk/","ingen-paa-forside","","",""
"Gørløse SI","http://gorlosesi.dk/","ingen-paa-forside","","",""
"Hadsten Sports Klub","http://www.hskfodbold.dk/","egen-kampklar-side","false","https://www.hskfodbold.dk/traenere/kampklar/","Kampklar"
"Gødvad GIF","http://www.godvad-gif.dk/","ingen-paa-forside","","",""
"Halstedhus Efterskole","http://halstedhus.dk/","ingen-paa-forside","","",""
"Hadsund B","http://www.hadsundboldklub.dk/","ingen-paa-forside","","",""
"Gylling Efterskole","http://www.gylling-efterskole.dk/","ingen-paa-forside","","",""
"Hammerum Fri- og Efterskole","http://www.hamme.dk/","ingen-paa-forside","","",""
"Faxe Ladeplads IF","http://www.fli.dk/","unreachable","","",""
"Hannæs Sport og Fritid","http://www.fhif.eu/","unreachable","","",""
"Hanstholm IF","http://www.hanstholm-if.dk/","unreachable","","",""
"Hammel GF","http://www.fodbold.hgfhammel.dk/","kun-link-til-dbu","","https://www.dbu.dk/klubservice/it-tilbud/kampklar-styrker-holdet/","DBU KampKlar"
"Handelsstandens Boldklub","http://www.handelsstandensboldklub.dk/","ingen-paa-forside","","",""
"Hammerum IF","http://www.hammerumif.dk/","egen-guide","true","https://www.hammerumif.dk/til-foraeldre/kampklar/guide-til-benytte-dit-barns-log-ind/","Guide til: Benytte dit barns log ind"
"Hals FS","http://www.halsfs.dk/","ingen-paa-forside","","",""
"Hashøj IF","http://www.hashøj-if.dk/","unreachable","","",""
"HA85","http://www.ha85.dk/","ingen-paa-forside","","",""
"Harboøre IF","http://www.harbooreif.dk/","ingen-paa-forside","","",""
"Gærum IF","http://www.gaerum-if.dk/","ingen-paa-forside","","",""
"Hareskov IF","http://www.hareskovif.dk/","ingen-paa-forside","","",""
"Harte G & IF","http://www.hartegif.dk/","ingen-paa-forside","","",""
"Hatting-Torsted Fodbold","http://www.hatting-torsted.dk/","kun-link-til-dbu","","http://klubservice.dbu.dk/kampklar/vejledning/til-spillere-og-foraeldre/bliv-kontaktperson/","For&#230;ldreprofil/kontaktperson"
"Haverslev IF","http://www.haverslev-if.dk/","ingen-paa-forside","","",""
"Haslev FC","http://www.haslev-fc.dk/","egen-guide","true","https://www.haslev-fc.dk/om-klubben/for-traeneren/kampklar-guide/","Kampklar guide"
"Haubro IF","http://www.haubroif.dk/","ingen-paa-forside","","",""
"Hasle B","http://www.hasleboldklub.dk/","ingen-paa-forside","","",""
"Harlev IK","http://www.harlevfodbold.dk/","egen-kampklar-side","true","https://www.harlevfodbold.dk/medlemsskab/kampklar/","Kampklar"
"Havdrup Fodbold","http://www.hgi-fodbold.dk/","ingen-paa-forside","","",""
"Hasle IF","http://www.hasle-if.dk/","ingen-paa-forside","","",""
"Hejnsvig IF","http://www.hejnsvigif.dk/","ingen-paa-forside","","",""
"Hedensted IF","http://www.hedenstedif.dk/","ingen-paa-forside","","",""
"Hellevad IF","http://www.hellevad-if.dk/","ingen-paa-forside","","",""
"Hellas","http://www.bk-hellas.dk/","ingen-paa-forside","","",""
"Hellebjerg Idrætsefterskole","http://www.hellebjerg.dk/","ingen-paa-forside","","",""
"Hellerup Idræts Klub","http://www.hik.dk/","egen-kampklar-side","true","https://www.hik.dk/fodbold/om-hik-fodbold/hjaelp/hjaelp-til-kampklar/","Hj&#230;lp til KampKlar"
"Helsingør IF Fodbold","http://www.helsingorif.dk/","ingen-paa-forside","","",""
"Helsinge Fodbold","http://www.helsingefodbold.dk/","ingen-paa-forside","","",""
"Herfølge BK","http://www.hb.dk/","ingen-paa-forside","","",""
"Helsted Fremad IF","http://www.helsted-fremad.dk/","egen-guide","true","https://www.helsted-fremad.dk/praktisk-info/dbu-kampklar/foraeldreguiden/","For&#230;ldreguiden"
"Hellested IF","http://www.hellested-if.dk/","ingen-paa-forside","","",""
"Herlev IF","http://www.herlevif.dk/","kun-link-til-dbu","","https://mit.dbu.dk/MyTeam/MyTeams.aspx#","DBU Kampklar Login"
"Hald Ege Efterskole","http://www.hald-ege-efterskole.dk/","ingen-paa-forside","","",""
"Herning KFUM","http://www.herningkfumfodbold.dk/","ingen-paa-forside","","",""
"Hee SF","http://www.hee.dk/","ingen-paa-forside","","",""
"Herrested-Ørbæk Boldklub","http://www.hoeb.dk/","ingen-paa-forside","","",""
"Herning Fremad","http://www.herningfremad.dk/","ingen-paa-forside","","",""
"Hersom/Bjerregrav IF","http://www.h-b-i.dk/","ingen-paa-forside","","",""
"Herlufsholm GF","http://www.hgfodbold.dk/","egen-kampklar-side","false","https://live-1070-herlufsholm-gf.umbraco-proxy.com/traener/kampklar/","Kampklar"
"Hesselager Fodbold","http://www.hesselagerfodbold.dk/","ingen-paa-forside","","",""
"HIK (professional)","http://www.hik.dk/","egen-kampklar-side","true","https://www.hik.dk/fodbold/om-hik-fodbold/hjaelp/hjaelp-til-kampklar/","Hj&#230;lp til KampKlar"
"Herstedøster IC","http://www.hic.dk/","ingen-paa-forside","","",""
"Himmelev-Veddelev BK","http://www.hvb-fodbold.dk/","ingen-paa-forside","","",""
"Himmerlandscentrets Idrætsefterskole (Haverslev)","http://www.hci.dk/","ingen-paa-forside","","",""
"Hirtshals B","http://www.hirtshalsboldklub.dk/","ingen-paa-forside","","",""
"Hjembæk Efterskole","http://www.hjembaekefterskole.dk/","ingen-paa-forside","","",""
"Hillerød Fodbold","http://www.hilleroedfodbold.dk/","egen-kampklar-side","true","https://www.hilleroedfodbold.dk/medlemsservice/brug-af-kampklar/","Brug af KampKlar"
"Hjordkær UIF","http://www.huiffodbold.dk/","ingen-paa-forside","","",""
"Hjortdal Ungdoms & IF","http://www.hui-hjortdal.dk/om-fodbold/","ingen-paa-forside","","",""
"Hjørring IF","http://www.hi-fodbold.dk/","ingen-paa-forside","","",""
"Hjørring AIK Frem","http://www.aikfrem.dk/","ingen-paa-forside","","",""
"Hobro IK","http://www.hikfodbold.dk/","ingen-paa-forside","","",""
"Hodsager UF","http://www.hiuf.dk/","ingen-paa-forside","","",""
"Holme-Olstrup Fodbold","http://www.hofodbold.dk/","unreachable","","",""
"Holluf Pile-Tornbjerg IF","http://www.hpti.dk/","ingen-paa-forside","","",""
"Hjerm FIF","http://www.hjerm-fif.dk/","ingen-paa-forside","","",""
"Holbæk B&I","http://www.hbi.dk/","ingen-paa-forside","","",""
"Holsted FB","http://www.holstedfb.dk/","ingen-paa-forside","","",""
"HOG Hinnerup","http://www.hog-hinnerup.dk/","ingen-paa-forside","","",""
"Holmegaard GB","http://www.holmegaardfodbold.dk/","ingen-paa-forside","","",""
"Holstebro B","http://www.holstebroboldklub.dk/","ingen-paa-forside","","",""
"Holte Star Club","http://www.holtestar.dk/","ingen-paa-forside","","",""
"Holmsland GU","http://www.h-gu.dk/","ingen-paa-forside","","",""
"Horbelev IF","http://www.horbelevif.dk/","ingen-paa-forside","","",""
"Hillerslev Sport","http://www.hillerslevsport.dk/","ingen-paa-forside","","",""
"Hornbæk IF","http://www.hornbaekif-fodbold.dk/","ingen-paa-forside","","",""
"Hjorten Fodbold, Herlev","http://www.hjorten.dk/","ingen-paa-forside","","",""
"Horne KFUM","http://www.hornekfum.dk/","unreachable","","",""
"Holbæk (professional)","http://www.nvfc.dk/","ingen-paa-forside","","",""
"Hornum IF","http://www.hornumif.dk/","ingen-paa-forside","","",""
"Holtet IF","http://www.holtetif.dk/","ingen-paa-forside","","",""
"Hornbæk SF","http://www.hsf-randers.dk/","ingen-paa-forside","","",""
"Horsens fS","http://www.horsensfs.dk/","ingen-paa-forside","","",""
"Hospitalets FK","http://www.hfkfyn.dk/","unreachable","","",""
"Horne f. Sp.","http://www.horne-fs.dk/","ingen-paa-forside","","",""
"Horsens Freja","http://www.horsensfreja.dk/","ingen-paa-forside","","",""
"Horsens KFUM","http://www.horsens-kfum.dk/","ingen-paa-forside","","",""
"Hornslet IF","http://www.hornslet-if-fodbold.dk/","ingen-paa-forside","","",""
"Hou Maritime Idrætsefterskole","http://www.houmi.dk/","ingen-paa-forside","","",""
"Hovedgård IF","http://www.hovedgaard-if.dk/","unreachable","","",""
"Holte-Hus Efterskole","http://holte-hus.dk/","ingen-paa-forside","","",""
"Hundelev B","http://www.hundelevboldklub.dk/","ingen-paa-forside","","",""
"Houlkær Fodboldklub","http://www.houlkaer-fodboldklub.dk/","ingen-paa-forside","","",""
"Humlebæk BK","http://www.humlebold.dk/","kun-link-til-dbu","","https://mit.dbu.dk/MyTeam/MyTeams.aspx#","KampKlar"
"Hou Og Omegns IF","http://www.hoif.dk/","ingen-paa-forside","","",""
"Hundested IK","http://www.hundestedik.dk/","ingen-paa-forside","","",""
"Hundige BK","http://www.hundigeboldklub.dk/","ingen-paa-forside","","",""
"Hvidebæk IF","http://www.hvidebaek-if.dk/","ingen-paa-forside","","",""
"Hvalsø IF","http://www.hvalsoeif.dk/","ingen-paa-forside","","",""
"Hvidovre Idrætsforening","http://www.hif.dk/","unreachable","","",""
"Hover IF","http://www.hover-if.dk/","ingen-paa-forside","","",""
"Højby IF","https://www.hoejbyif.dk/","ingen-paa-forside","","",""
"Hurup IF","http://www.hurupif.dk/","ingen-paa-forside","","",""
"Højer Efterskole","http://www.h-us-dk/","unreachable","","",""
"Houlbjerg/Laurbjerg IF","http://www.hlif.dk/","ingen-paa-forside","","",""
"Husum Boldklub","http://www.husumboldklub.dk/","ingen-paa-forside","","",""
"Høm/Seem UIF","http://hom-seem.dk/","unreachable","","",""
"Højer IF","http://www.højerif.dk/","ingen-paa-forside","","",""
"Hørby Efterskoles IF","http://www.hu-ungdom.dk/","unreachable","","",""
"Højby S & G","http://www.hojbyfodbold.dk/","ingen-paa-forside","","",""
"Højslev Station IF","http://www.højslev-if.dk/","ingen-paa-forside","","",""
"Høng GF","http://hong-gf.dk/","ingen-paa-forside","","",""
"Horsens B","http://www.horsensboldklub.dk/","ingen-paa-forside","","",""
"Højen G&U","http://www.hgu.dk/","ingen-paa-forside","","",""
"Hørsholm-Usserød IK","http://www.hui-fodbold.dk/","egen-kampklar-side","true","https://www.hui-fodbold.dk/medlemskab/kampklar","KampKlar"
"Hørup UI","http://www.hui.dk/","ingen-paa-forside","","",""
"Høsterkøb Fodboldklub 2000","http://www.hf2000.dk/","ingen-paa-forside","","",""
"Høje Gladsaxe IF","http://www.facebook.com/HGIiGladsaxe","ingen-paa-forside","","",""
"Hørning IF","http://www.teamhif.dk/","ingen-paa-forside","","",""
"Hørning GF","http://www.hgf-fodbold.dk/","ingen-paa-forside","","",""
"Idrætsefterskolen Lægården","http://www.optur.nu/","ingen-paa-forside","","",""
"HØST IF","http://www.høstif.dk/","ingen-paa-forside","","",""
"Hårslev BK","http://www.haarslev-bk.dk/","ingen-paa-forside","","",""
"Horne IF","http://www.horne-varde.dk/","ingen-paa-forside","","",""
"Haarby IF","http://www.haarbyboldklub.dk/","ingen-paa-forside","","",""
"IF Føroyar","http://www.fotboltur.dk/","ingen-paa-forside","","",""
"Hørve IF","http://www.hoerveif.dk/","ingen-paa-forside","","",""
"IF Bytoften","http://www.if-bytoften.dk/","ingen-paa-forside","","",""
"IF Midtdjurs","http://www.ifm-fodbold.dk/","ingen-paa-forside","","",""
"IF Lyseng","http://www.lyseng.dk/","ingen-paa-forside","","",""
"IF Fremad Nørhalne","http://www.ifn.dk/","ingen-paa-forside","","",""
"IF Frem Bjæverskov Fodbold","http://www.bjaeverskovfodbold.dk/","ingen-paa-forside","","",""
"IF Svend Gønge","http://www.ifsvendgoenge.dk/","ingen-paa-forside","","",""
"Hårslev Efterskole","http://haarslevefterskole.dk/","ingen-paa-forside","","",""
"IF Skjold Sæby","http://www.ifskjoldsaeby.dk/","ingen-paa-forside","","",""
"Ingstrup SF","http://www.ingstrup.dk/","ingen-paa-forside","","",""
"Isenvad Borger- og Idrætsforening","http://www.isenvadfodboldklub.dk/","unreachable","","",""
"IF Skjold Birkerød","http://www.skjold-fodbold.dk/","ingen-paa-forside","","",""
"Islev BK","http://www.islev.dk/","unreachable","","",""
"Ingstrup Efterskoles IF","http://www.ingstrupefterskole.dk/","ingen-paa-forside","","",""
"ISI Idrætsefterskole","http://www.isi.dk/","ingen-paa-forside","","",""
"Ikast FS Fodbold","http://www.ikastfc.dk/","ingen-paa-forside","","",""
"JAI, Aarhus","http://www.jai-fodbold.dk/","ingen-paa-forside","","",""
"Idrætsklubben Vest af 1971","http://ik-vest.dk/","ingen-paa-forside","","",""
"IS Skævinge","http://www.iss-fodbold.dk/","ingen-paa-forside","","",""
"Jels IF","http://www.jels-if.dk/","ingen-paa-forside","","",""
"Jernved IF","http://www.123hjemmeside.dk/JernvedIF","unreachable","","",""
"Jernløse BK","http://www.jernloeseboldklub.dk/","ingen-paa-forside","","",""
"Jinnah International School","http://jinnahschool.dk/","unreachable","","",""
"Janderup FS","http://www.jfs-sport.dk/jbs-fodbold","ingen-paa-forside","","",""
"Jerne IF","http://www.jerneif.dk/","ingen-paa-forside","","",""
"IF Mols","http://www.ifmols.net/","ingen-paa-forside","","",""
"Juelsminde IF","http://www.juelsminde-if.dk/","ingen-paa-forside","","",""
"IF Nordthy","http://www.ifnordthy.dk/","ingen-paa-forside","","",""
"Jetsmark IF","http://www.jetsmarkif.dk/","egen-kampklar-side","true","https://www.jetsmarkif.dk/klubinfo/kampklar-paa-mobilen/","KAMPKLAR p&#229; mobilen"
"Jyderup BK","http://www.jyderupboldklub.dk/","ingen-paa-forside","","",""
"Jægersborg Boldklub","http://www.jb-bold.dk/","ingen-paa-forside","","",""
"Karlslunde IF","http://www.karlslundefodbold.dk/","ingen-paa-forside","","",""
"Jyllinge FC","http://www.jyllinge-fc.dk/","ingen-paa-forside","","",""
"Karrebæk IF","http://www.karrebaek-fodbold.dk/","ingen-paa-forside","","",""
"KB 92, Karlslunde","http://www.kb92.dk/","unreachable","","",""
"Jødisk Idrætsforening Hakoah","http://hakoah.dk/","ingen-paa-forside","","",""
"Karise IK","http://www.k-i-k.dk/fodbold","ingen-paa-forside","","",""
"Kalundborg GB","http://www.kalundborg-gb.dk/","ingen-paa-forside","","",""
"Jægerspris IK","http://www.jik.dk/","ingen-paa-forside","","",""
"Kauslunde IF","http://www.kiffodbold.dk/","ingen-paa-forside","","",""
"KB81 Aalborg","http://www.kb81.dk/","ingen-paa-forside","","",""
"Kastrup Boldklub","http://www.kastrupboldklub.dk/","egen-kampklar-side","true","https://www.kastrupboldklub.dk/hold/kampklar/kampklar-gpdr/","Kampklar GPDR"
"KBK Hillerød","http://www.kbk-hillerød.dk/","ingen-paa-forside","","",""
"Kerteminde BK","http://www.kertemindeboldklub.dk/","ingen-paa-forside","","",""
"KFUM BK, Roskilde","http://www.roskilde-kfum.dk/","ingen-paa-forside","","",""
"KFUM.s BK Odense","http://www.odense-kfum.dk/","ingen-paa-forside","","",""
"Kjellerup IF","http://www.kjellerup-if.dk/","unreachable","","",""
"KFUMs Boldklub","http://www.kfum-fodbold.dk/","ingen-paa-forside","","",""
"Klejtrup B","http://www.klejtrupboldklub.dk/","ingen-paa-forside","","",""
"Kildemosens BK","http://www.kildemosen.dk/","ingen-paa-forside","","",""
"Kirke Helsinge IF","http://www.kirkehelsinge-if.dk/","ingen-paa-forside","","",""
"Kjøbenhavns Boldklub","http://www.kb-boldklub.dk/","ingen-paa-forside","","",""
"Klinte Grindløse IF","http://www.kgi-sport.dk/","ingen-paa-forside","","",""
"Kløvermarkens Forenede Boldklubber","http://www.kloevermarkenfb.dk/","ingen-paa-forside","","",""
"Kirke Hyllinge IF","http://www.khif-fodbold.dk/","ingen-paa-forside","","",""
"Katrinebjergs Atletikforening","http://katrinebjergaf.dk/","ingen-paa-forside","","",""
"Klitmøller IF","http://www.klitmøllerif.dk/","ingen-paa-forside","","",""
"Kibæk IF","http://www.kif-1900.dk/","ingen-paa-forside","","",""
"Koldby/Hørdum IF","http://www.khif1904.dk/","ingen-paa-forside","","",""
"Kolding B","http://www.kolding-boldklub.dk/","ingen-paa-forside","","",""
"Klemensker IF","http://www.klemensker-if.dk/","ingen-paa-forside","","",""
"Klovborg UF","http://www.klovborg-uf.dk/","ingen-paa-forside","","",""
"Kongerslev IF","http://www.k.if.dk/","unreachable","","",""
"Kolding IF","http://www.kif-fodbold.dk/","ingen-paa-forside","","",""
"Kolind/Perstrup IF","http://www.kolind-if.dk/","ingen-paa-forside","","",""
"Klokkerholm IF","http://www.klokkerholmfodbold.dk/","ingen-paa-forside","","",""
"Kolt/Hasselager IF","http://www.khif.info/","kun-link-til-dbu","","https://mit.dbu.dk/Login.aspx?ReturnUrl=%2fkampklar","Log p&#229; Mit DBU"
"Koldingegnens Idrætsefterskole","http://www.kie.dk/","ingen-paa-forside","","",""
"Kr. Værløse IF","http://www.kvif.dk/","ingen-paa-forside","","",""
"Korsholm IF","http://www.korsholm-if.dk/","ingen-paa-forside","","",""
"Korning IF","http://www.korningif.dk/","ingen-paa-forside","","",""
"Kvaglund IF","http://www.kvaglundif.dk/","unreachable","","",""
"Korinth IF","http://www.korinth-if.dk/","ingen-paa-forside","","",""
"Kvik 70","http://www.kvik70.dk/","ingen-paa-forside","","",""
"Kvik IF","http://www.if-kvik.dk/Fodbold-92147","ingen-paa-forside","","",""
"Kvistgård IF","http://www.kvistgaard-if.dk/","ingen-paa-forside","","",""
"KR 70","http://www.kr70.dk/","unreachable","","",""
"Kundby IF","http://www.kundby-if.dk/","ingen-paa-forside","","",""
"Knudsker IF","http://www.knudskerif.dk/","ingen-paa-forside","","",""
"KU BK","http://www.kubk.dk/","ingen-paa-forside","","",""
"Kvong IF","http://www.kvong.dk/DK/idraetsforening.aspx","ingen-paa-forside","","",""
"Kværndrup BK","http://www.kvaerndrupboldklub.dk/","ingen-paa-forside","","",""
"Kvissel-Ravnshøj IF","http://www.kr-if.dk/","ingen-paa-forside","","",""
"Kværkeby IF","http://www.kvaerkebyif.dk/","ingen-paa-forside","","",""
"Køge Nord FC","http://www.kogenordfc.dk/","ingen-paa-forside","","",""
"Langholt Sports Klub","http://www.langholtsportsklub.dk/","ingen-paa-forside","","",""
"Langtved SG  &  IF","http://www.lsgif.dk/","ingen-paa-forside","","",""
"Langebæk Alliancen","https://www.langebaek-alliancen.dk/","ingen-paa-forside","","",""
"Kristrup B","http://www.kb1908.dk/","ingen-paa-forside","","",""
"Langeskov IF","http://www.langeskovif.dk/","ingen-paa-forside","","",""
"Køge BK","http://www.koge-boldklub.dk/","ingen-paa-forside","","",""
"Kragelund Efterskole","http://www.kragelund-efterskole.dk/","ingen-paa-forside","","",""
"Lejre IF","http://www.fclejre.dk/","kun-link-til-dbu","","https://klubservice.dbu.dk/kampklar/","DBU KampKlar"
"Lemming IF","http://www.lemmingif.dk/","ingen-paa-forside","","",""
"Lejerbo BK","http://www.lejerbo-boldklub.dk/","ingen-paa-forside","","",""
"Ledøje-Smørum Fodbold","http://www.lsf.dk/","ingen-paa-forside","","",""
"Levring Efterskole","http://www.levring-efterskole.dk/","ingen-paa-forside","","",""
"Liria FK","http://www.liriafk.dk/","unreachable","","",""
"Lisbjerg FC","http://www.lisbjergfc.dk/","unreachable","","",""
"Linde B","http://www.lindeboldklub.dk/","ingen-paa-forside","","",""
"LKB/Gistrup","http://www.lkb.dk/","ingen-paa-forside","","",""
"Lellinge IF","http://www.lellingeif.dk/","ingen-paa-forside","","",""
"Listrup U&IF","http://www.luif.dk/","ingen-paa-forside","","",""
"Lomborg Gymnastik- og Idrætsefterskole","http://www.lomborg-efterskole.dk/","ingen-paa-forside","","",""
"Lumby IF 88","http://www.lif88.dk/","ingen-paa-forside","","",""
"Lemvig GF","http://www.lemviggf.dk/","ingen-paa-forside","","",""
"Lindved GF","http://www.lindved-gf.dk/","ingen-paa-forside","","",""
"Lunderskov Efterskole","http://www.lunderskov-efterskole.dk/","ingen-paa-forside","","",""
"Lund IF","http://www.lundif.dk/","ingen-paa-forside","","",""
"Lundtoft IF","http://www.lif-fodbold.dk/","unreachable","","",""
"Lunderskov B","http://www.lunderskovboldklub.dk/","ingen-paa-forside","","",""
"Lynge-Broby IF","http://www.lb-i.dk/","ingen-paa-forside","","",""
"Lundtofte Boldklub","http://www.lundtofte-boldklub.dk/","ingen-paa-forside","","",""
"Lyngby Boldklub 1921","http://www.lyngby-boldklub1921.dk/","ingen-paa-forside","","",""
"Lundergård IU","http://www.liuf.dk/","ingen-paa-forside","","",""
"Lendum UGI","http://www.lugi.dk/","ingen-paa-forside","","",""
"Lyngsaa B","http://www.lyngsaaboldklub.dk/","ingen-paa-forside","","",""
"Løgstrup G&IF","http://www.lgif.dk/","ingen-paa-forside","","",""
"Løgum IF","http://www.loegumfodbold.dk/","unreachable","","",""
"Lysabild SG","http://www.lysabildsg.dk/","ingen-paa-forside","","",""
"Lystrup IF","http://www.lystrupfodbold.dk/","egen-kampklar-side","true","https://www.lystrupfodbold.dk/traener-leder/dbu-appen/kampklar/","KAMPKLAR"
"Løgumkloster Efterskole","http://www.lme.dk/","ingen-paa-forside","","",""
"Løvel IF","http://www.tjelevestsport.dk/","unreachable","","",""
"Løgstør IF","http://www.logstorif.dk/","ingen-paa-forside","","",""
"Løsning IF","http://www.losningif.dk/","ingen-paa-forside","","",""
"Mammen IF","http://www.mammenif.dk/","ingen-paa-forside","","",""
"Løjt IF","http://www.loejt-if.dk/","ingen-paa-forside","","",""
"Lyngs Idrætsefterskole","http://www.l-i-e.dk/","ingen-paa-forside","","",""
"Lynge-Uggeløse IF","http://www.lui.dk/","ingen-paa-forside","","",""
"Marslev G & IF","http://www.mgif.dk/","unreachable","","",""
"Låsby B","http://www.laasbyboldklub.dk/","ingen-paa-forside","","",""
"Maribo BK","http://www.maribobk.dk/","ingen-paa-forside","","",""
"Mariehøj Kammeraterne Silkeborg","http://www.mks-silkeborg.dk/","ingen-paa-forside","","",""
"Marstal IF","http://www.marstalif.dk/","ingen-paa-forside","","",""
"Mejrup GU","http://www.mejrup-fodbold.dk/","ingen-paa-forside","","",""
"Mejdal-Halgård Fodbold","http://www.mejdal-fodbold.dk/","ingen-paa-forside","","",""
"Mern UIF","http://www.mernif.dk/","ingen-paa-forside","","",""
"Mina Hindholm Efterskole","http://minahindholm.dk/","unreachable","","",""
"Midtals IF","http://www.mif.dk/","ingen-paa-forside","","",""
"Melby-Liseleje IF","http://www.mli-fodbold.dk/","ingen-paa-forside","","",""
"Mosede BK","http://www.mosedeboldklub.dk/","ingen-paa-forside","","",""
"Langaa IK","http://www.langaa-ik.dk/","ingen-paa-forside","","",""
"Mot G & U","http://www.mot-gu.dk/","ingen-paa-forside","","",""
"Møgeltønder UIF","http://muif.dk/","unreachable","","",""
"Morud IF","http://www.morud.dk/fodbold","ingen-paa-forside","","",""
"Munkebo BK","http://www.munkebobk.dk/","ingen-paa-forside","","",""
"MG & BK","http://www.mg-bk.dk/","ingen-paa-forside","","",""
"Mellerup Efterskole","http://www.mellerupefterskole.dk/","ingen-paa-forside","","",""
"Møns FK","http://www.mons-fk.dk/","ingen-paa-forside","","",""
"Møldrup/Tostrup IF","http://www.mtif.dk/","ingen-paa-forside","","",""
"Mou IF","http://www.mou-if.dk/","ingen-paa-forside","","",""
"Mønsted IF","http://www.mønsted-fodbold.dk/","ingen-paa-forside","","",""
"Mørke IF","http://www.moerkeif.dk/","ingen-paa-forside","","",""
"Mørkhøj Sportsklub","http://moerkhoej-sportsklub.dk/","ingen-paa-forside","","",""
"Mørkøv IF","http://www.morkovif-fodbold.dk/","ingen-paa-forside","","",""
"Nexø B.","http://www.nbboldklub.dk/","ingen-paa-forside","","",""
"Naur-Sir-Krunderup","http://www.nsk-fodbold.dk/","ingen-paa-forside","","",""
"NFS - Nørremarkens forenede Sportsklubber","http://www.nfsvejle.dk/","ingen-paa-forside","","",""
"NB 93, Aarhus","http://www.nb93.dk/","ingen-paa-forside","","",""
"Mariager IK","http://www.mariager-ik.dk/","ingen-paa-forside","","",""
"Nivå-Kokkedal FK","http://www.nivaa-kokkedal-fodboldklub.dk/","ingen-paa-forside","","",""
"Nim IF","http://www.nimif.dk/","ingen-paa-forside","","",""
"Måløv BK","http://www.mb-boldklub.dk/","ingen-paa-forside","","",""
"Nordenskov IF","http://www.nuif.dk/","ingen-paa-forside","","",""
"Nibe B","http://www.nibeboldklub.dk/","ingen-paa-forside","","",""
"Nord-Als B","http://www.nordals-boldklub.dk/","ingen-paa-forside","","",""
"Nr. Bjært/Strandhuse IF","http://www.nbsif.dk/","ingen-paa-forside","","",""
"Nordfalster FB","http://www.nordfalsterfb.dk/","ingen-paa-forside","","",""
"Nordvestmors BK","http://www.nordvestmors.dk/","ingen-paa-forside","","",""
"Nr. Lyndelse / Søby F.C.","http://www.nrlyndelsefodbold.dk/","ingen-paa-forside","","",""
"Måbjerg IF","http://www.maabjergif.dk/","ingen-paa-forside","","",""
"Nr. Aaby IK","http://www.nikfodbold.dk/","ingen-paa-forside","","",""
"Nors B","http://norsbk.dk/","ingen-paa-forside","","",""
"NUGF Viborg","http://www.nugf.dk/","egen-kampklar-side","true","https://www.nugf.dk/traenerloungen/kampklar/","Kampklar"
"Nyker IF","http://www.nyker-if.dk/","ingen-paa-forside","","",""
"Nyborg G & IF","http://www.nyborggif-fodbold.dk/","ingen-paa-forside","","",""
"Lunde B","http://www.lundeboldklub.dk/","ingen-paa-forside","","",""
"Nyråd IF","http://www.nyraadfodbold.dk/","ingen-paa-forside","","",""
"Ny Kappel Boldklub 07","http://www.bricksite.com/nykappelboldklub07","ingen-paa-forside","","",""
"Notmark SU","http://www.nsu-als.dk/","ingen-paa-forside","","",""
"Nykøbing IF","http://www.nykoebingif.dk/","ingen-paa-forside","","",""
"Nykøbing FC (professional)","http://www.nykobingfc.dk/","egen-kampklar-side","false","https://www.nykobingfc.dk/ungdom/foraeldre/kampklar-til-foraeldre/","Kampklar til for&#230;ldre"
"Nykøbing FC","http://www.nykobingfc.dk/","egen-kampklar-side","false","https://www.nykobingfc.dk/ungdom/foraeldre/kampklar-til-foraeldre/","Kampklar til for&#230;ldre"
"Næsbjerg/Rousthøje UI","http://www.nrui.dk/","ingen-paa-forside","","",""
"Nødebo IF","http://www.nif.dk/","ingen-paa-forside","","",""
"Næsby BK","http://www.naesbyboldklub.dk/","egen-kampklar-side","true","https://www.naesbyboldklub.dk/praktisk-info/ny-i-klubben/foraeldre/kampklar/","Kampklar"
"Næstved FC 77","http://www.fc77.dk/","ingen-paa-forside","","",""
"Næstved I.F.","http://www.niffodbold.dk/","ingen-paa-forside","","",""
"Næsby (professional)","http://www.naesbyboldklub.dk/","egen-kampklar-side","true","https://www.naesbyboldklub.dk/praktisk-info/ny-i-klubben/foraeldre/kampklar/","Kampklar"
"Nustrup UF","http://www.nustrupuf.dk/","ingen-paa-forside","","",""
"Nørrebro United","http://www.nbunited.dk/","egen-kampklar-side","true","https://www.nbunited.dk/bliv-medlem/fodbold-afdeling-4-19-aar/kampklar-hjaelp/","Kampklar hj&#230;lp"
"Nørresundby Forenede Boldklubber","http://www.norresundbyfb.dk/","ingen-paa-forside","","",""
"Oddense-Otting UGF","http://www.oddense-idræt.dk/","unreachable","","",""
"Næstved BK (professional)","http://www.naestvedboldklub.dk/","ingen-paa-forside","","",""
"OB Q","http://www.odenseq.dk/","ingen-paa-forside","","",""
"Old Boys 1945","http://www.oldboys1945.dk/","unreachable","","",""
"Nørre Alslev BK","http://www.nab-boldklub.dk/","egen-kampklar-side","false","https://www.nab-boldklub.dk/ind-udmeldelse/mit-dbu-og-kampklar/","Mit DBU og KampKlar"
"Olympic Amager KIF - Afventer","http://olyamagerkulture.dk/","unreachable","","",""
"Olympia Øster Hurup IF","http://olympia1938.dk/","ingen-paa-forside","","",""
"Nørbæk Efterskole","http://nørbækefterskole.dk/","ingen-paa-forside","","",""
"Nøvlingskov Efterskole","http://www.noevlingskov.dk/","ingen-paa-forside","","",""
"Osted IF","http://www.fclejre.dk/","kun-link-til-dbu","","https://klubservice.dbu.dk/kampklar/","DBU KampKlar"
"ORI-Fodbold","http://www.ori-bold.dk/","ingen-paa-forside","","",""
"Orient GI","http://www.orientexpressen.dk/","ingen-paa-forside","","",""
"Pan Fodbold","http://www.panfodbold.dk/","unreachable","","",""
"Phønix Efterskole","http://phoenixefterskole.dk/","unreachable","","",""
"Nøvling FK","http://www.nfknet.dk/","ingen-paa-forside","","",""
"Politiets Idrætsforening","http://www.pifodbold.dk/","ingen-paa-forside","","",""
"Otterup Bold- og Idrætsklub","http://www.ob-ik.dk/","ingen-paa-forside","","",""
"Odense Boldklub","http://www.obfodbold.dk/","ingen-paa-forside","","",""
"Overlund GF","http://www.overlundgf.dk/","ingen-paa-forside","","",""
"Odder Fodbold","http://www.odderfodbold.dk/","egen-kampklar-side","false","https://www.odderfodbold.dk/boern/klubaand/kampklar-for-spillere-foraeldre/","KampKlar for spillere/for&#230;ldre"
"Præstø IF","http://www.praestoif.dk/","ingen-paa-forside","","",""
"Ramløse Fodbold IF","http://www.ramlosefodbold.dk/","ingen-paa-forside","","",""
"PSI/Serritslev","https://www.klub-psi.dk/","ingen-paa-forside","","",""
"Raklev GI","http://www.raklev.dk/","ingen-paa-forside","","",""
"Poulstrup Vrejlev 81","http://www.pv81.dk/","ingen-paa-forside","","",""
"Randers Freja","http://www.randersfreja.dk/","ingen-paa-forside","","",""
"Ramme-Lomborg IF","http://www.rlif.dk/","ingen-paa-forside","","",""
"Randers KFUM Fodbold","http://kfumfodboldranders.dk/","ingen-paa-forside","","",""
"Ranum Efterskole","http://www.ranumefterskole.dk/","ingen-paa-forside","","",""
"Rebild Efterskole","http://www.rebildefterskole.dk/","ingen-paa-forside","","",""
"Randlev/Boulstrup IF","http://rbif.dk/","ingen-paa-forside","","",""
"Ravnsbjerg IF","http://www.ravnsbjerg-if.dk/","ingen-paa-forside","","",""
"Reerslev IF","http://www.reerslevif.dk/","ingen-paa-forside","","",""
"Resenbro UIF","http://www.ruif.dk/","ingen-paa-forside","","",""
"Rebæk IF","http://www.rebaekif.dk/","egen-kampklar-side","false","https://www.rebaekif.dk/klubben/platforme/kampklar/","Kampklar"
"Ravsted UI","http://www.ravsted.dk/","ingen-paa-forside","","",""
"Poulsker IF","http://www.pif.dk/","ingen-paa-forside","","",""
"Ribe BK","http://www.ribeboldklub.dk/","ingen-paa-forside","","",""
"Ringe BK","http://www.rb27.dk/","ingen-paa-forside","","",""
"Rindum SU","http://www.rindumsu.dk/","ingen-paa-forside","","",""
"Ringkøbing IF","http://www.ringkobingif.dk/","ingen-paa-forside","","",""
"Ringsted IF","http://www.rif-fodbold.dk/","ingen-paa-forside","","",""
"Rise S & IF","http://www.rise-sif.dk/","ingen-paa-forside","","",""
"Ringsted Pigefodbold","http://www.ringstedpigefodbold.dk/","ingen-paa-forside","","",""
"Roholte BK","http://www.roholtebk.dk/","unreachable","","",""
"Rosendal IK","http://www.ikrosendal.dk/","ingen-paa-forside","","",""
"Rinkenæs Efterskole","http://www.rinkenaes.dk/","ingen-paa-forside","","",""
"RKG Fodbold","http://www.rkg-fodbold.dk/","ingen-paa-forside","","",""
"Rolfsted IF","http://www.rolfsted-if.dk/","ingen-paa-forside","","",""
"Romalt IF","http://www.romaltif.dk/","ingen-paa-forside","","",""
"Rosenhøj BK","http://www.rosenhojboldklub.dk/","ingen-paa-forside","","",""
"Roslev IK","http://www.roslev-ik.dk/","ingen-paa-forside","","",""
"Roskilde Boldklub","http://www.rb1906.dk/","ingen-paa-forside","","",""
"Roskilde Pigefodbold","http://roskildepigefodbold.dk/","kun-link-til-dbu","","https://mit.dbu.dk/Login.aspx?ReturnUrl=%2fMyTeam%2fMyTeams.aspx#","KampKlar"
"Rudkøbing BK","http://www.r-b.dk/","ingen-paa-forside","","",""
"Røde Stjerne FC, Skive","http://www.rsfcs.dk/","ingen-paa-forside","","",""
"Ry Fodbold","http://ryfodbold.dk/","kun-link-til-dbu","","https://klubservice.dbu.dk/kampklar/vejledning/til-spillere-og-foraeldre/","Kampklar vejledning"
"Ryslinge BK","http://www.ryslingeboldklub.dk/","ingen-paa-forside","","",""
"Rødding IF","http://www.roedding-if.dk/","ingen-paa-forside","","",""
"Rønne f.B.","http://www.ronnefb.dk/","unreachable","","",""
"Rødvig G&I","https://www.rodvig-gi.dk/","ingen-paa-forside","","",""
"Rønne IK","http://www.roenneik.dk/","ingen-paa-forside","","",""
"Rødekro IF","http://www.roedekrofodbold.dk/","ingen-paa-forside","","",""
"Rønnede IF","http://www.roennedeif.dk/fodbold","ingen-paa-forside","","",""
"Røde Stjerne BK","http://www.roede-stjerne.dk/","ingen-paa-forside","","",""
"Rågelund Efterskole","http://www.raagelund.com/","ingen-paa-forside","","",""
"Rørby-Værslev IF","http://www.rvif.dk/fodbold","ingen-paa-forside","","",""
"S.K.F.I.F.","http://www.skfif.dk/","ingen-paa-forside","","",""
"Rørvig IF","http://www.roervig-if.dk/","kun-link-til-dbu","","https://mit.dbu.dk/Login.aspx?ReturnUrl=%2fMyTeam%2fMyTeams.aspx#","Kampklar"
"Saltum IF","http://www.saltumif.dk/","ingen-paa-forside","","",""
"Resen/Humlum IF","http://www.rhif.dk/","ingen-paa-forside","","",""
"Sallingsund FC","http://www.sallingsundfc.dk/","ingen-paa-forside","","",""
"Sabro IF","http://www.sabro-if.dk/","ingen-paa-forside","","",""
"Sandby  GF","http://www.sandby-gf.dk/","ingen-paa-forside","","",""
"Saxild IF","http://www.saxild-if.dk/","ingen-paa-forside","","",""
"Sanderum BK","http://www.sanderumboldklub.dk/","ingen-paa-forside","","",""
"Sandved-Tornemark IF","http://www.stif.dk/","ingen-paa-forside","","",""
"Sdr. Hygum B","http://www.voresboldklub.dk/","unreachable","","",""
"Over Jerstal Fodboldklub","https://www.facebook.com/groups/232566707259146","ingen-paa-forside","","",""
"SC Amager","http://www.facebook.com/SportingClubAmager","ingen-paa-forside","","",""
"Sdr. Rind/Vinkel IF","http://www.svif4ever.dk/","unreachable","","",""
"Sct. Jørgens IF","http://www.sjsi.dk/","ingen-paa-forside","","",""
"Sdr. Felding GIF","http://www.sfgif.dk/","ingen-paa-forside","","",""
"Sejs Svejbæk IF","http://www.sejssvejbaek-if.dk/","ingen-paa-forside","","",""
"Sierslev FC","http://www.sierslevfc.dk/","unreachable","","",""
"SfB","http://www.sfb.dk/","ingen-paa-forside","","",""
"SIF Assentoft","http://www.fodboldsif.dk/","unreachable","","",""
"Seest B","http://www.seestboldklub.dk/","ingen-paa-forside","","",""
"Silkeborg B","http://www.silkeborgboldklub.dk/","ingen-paa-forside","","",""
"Silkeborg IF Q","http://www.sifq.dk/","ingen-paa-forside","","",""
"Silkeborg IF","http://www.silkeborgiffodbold.dk/","ingen-paa-forside","","",""
"Sindal IF","http://www.sindalfodbold.dk/","ingen-paa-forside","","",""
"Sengeløse GI","http://www.sengeloese.dk/","ingen-paa-forside","","",""
"Silkeborg KFUM","http://www.silkeborgkfum.dk/","ingen-paa-forside","","",""
"SIK Viborg, fodbold","http://www.sik-fodbold.dk/","egen-kampklar-side","true","https://www.sik-fodbold.dk/traener/dbu-kampklar/","DBU KampKlar"
"Sjørslev/Demstrup IF","http://www.sdif.dk/","ingen-paa-forside","","",""
"Sinding GIF","http://www.sindinggif.dk/","ingen-paa-forside","","",""
"Skagen IK","http://www.skagenik.dk/","ingen-paa-forside","","",""
"Skalbjerg BK","http://www.skalbjerg-bk.dk/","ingen-paa-forside","","",""
"SINE Sportsefterskole","http://www.sine.dk/","ingen-paa-forside","","",""
"Skals FF","http://www.skalsff.dk/","ingen-paa-forside","","",""
"Skallerup/Vennebjerg IF","http://www.svif.dk/","ingen-paa-forside","","",""
"Skeby GF","http://www.skebygf.dk/","ingen-paa-forside","","",""
"Skelund IF","http://www.skelund-fodbold.dk/","unreachable","","",""
"Skelde GF","http://www.skelde.dk/","unreachable","","",""
"Skanderup Efterskole","http://www.skanderupefterskole.dk/","ingen-paa-forside","","",""
"Skibby IK","http://www.skibbyik.dk/","ingen-paa-forside","","",""
"Rønde Efterskole","http://www.rhe.dk/","unreachable","","",""
"Sdr. Omme IF","http://www.soifsport.dk/","ingen-paa-forside","","",""
"Skibsby-Højene IF","http://www.shi-sport.dk/","ingen-paa-forside","","",""
"Skibet IF","http://www.skibet-if.dk/","ingen-paa-forside","","",""
"Skive IK","http://www.skive-ik.dk/","ingen-paa-forside","","",""
"Skive IK (professional)","http://www.skive-ik.dk/","ingen-paa-forside","","",""
"Sjørring B","http://www.sjoerringbk.dk/","ingen-paa-forside","","",""
"Skjern GF","http://www.sgfodbold.dk/","ingen-paa-forside","","",""
"Skodborg IF","http://www.sif-skodborg.dk/","ingen-paa-forside","","",""
"Nørager IF","http://www.nif-rif.dk/","unreachable","","",""
"Skovsgaard B","http://www.skovsgaard-boldklub.dk/","ingen-paa-forside","","",""
"Skovby GF","http://www.skovbygf.dk/","ingen-paa-forside","","",""
"Skovshoved Idrætsforening","http://www.skovshoved-fodbold.dk/","ingen-paa-forside","","",""
"Skensved IF","http://www.skensvedif.dk/fodbold","ingen-paa-forside","","",""
"Skårup IF","http://www.skaarup-if.dk/","ingen-paa-forside","","",""
"Skægkær IF Centrum","http://www.ifcentrum.dk/","ingen-paa-forside","","",""
"Skibbild-Nøvling Idræt og Motion","http://www.skibbild-noevling.dk/sif","ingen-paa-forside","","",""
"Skælskør Boldklub og Idrætsforening","http://www.sb-i.dk/","egen-guide","true","https://www.sb-i.dk/om-klubben/guide-til-kampklar/","Guide til KampKlar"
"Skødstrup SF","http://www.skoedstrup-fodbold.dk/","egen-guide","true","https://www.skoedstrup-fodbold.dk/andre/vejledning-til-kampklar/","Vejledning til Kampklar"
"Slaglille-Bjernede GI","http://www.sbgi.dk/","ingen-paa-forside","","",""
"Slagslunde-Ganløse IF","http://www.sgif.dk/","ingen-paa-forside","","",""
"Sole IF","http://www.soleif.dk/","ingen-paa-forside","","",""
"Slangerup & Omegn IF","http://www.soif.dk/","egen-guide","false","https://www.soif.dk/traenerbasen/kampklar/dbu-app-vejledning/","DBU App vejledning"
"Snejbjerg SG&I","http://www.snejbjergsgi.dk/","ingen-paa-forside","","",""
"Skovlund Efterskole","http://www.ske.dk/","ingen-paa-forside","","",""
"Sommersted IF","http://www.sommersted-if.dk/","ingen-paa-forside","","",""
"Snekkersten IF","http://www.sif-fodbold.dk/","ingen-paa-forside","","",""
"Sommersted Efterskole","http://www.sommerstedefterskole.dk/","ingen-paa-forside","","",""
"Slagelse B&I","http://www.slagelseboldklub.dk/","ingen-paa-forside","","",""
"Spangsbjerg IF","http://www.spangsbjergif.dk/","ingen-paa-forside","","",""
"SMIFF09","http://www.smiff09.dk/","ingen-paa-forside","","",""
"Spjald IF","http://www.spjaldif.dk/","ingen-paa-forside","","",""
"Solrød FC","http://www.solrodfc.dk/","egen-kampklar-side","false","https://www.solrodfc.dk/solroed-fc/gode-traenerraad/kampklar/","Kampklar"
"Spøttrup Motion & Sport","http://www.spottrupms.dk/","ingen-paa-forside","","",""
"SS Skjold","http://www.skjold-glud.dk/","ingen-paa-forside","","",""
"Sportsefterskolen Sjælsølund","http://www.sjaelsoelund.dk/","ingen-paa-forside","","",""
"Starup UIF","http://www.fodbold.starup-uif.dk/","unreachable","","",""
"Sportsefterskolen Aabybro","http://www.sportsefterskolen.dk/","ingen-paa-forside","","",""
"Stauning/Dejbjerg UI","http://www.uogi.dk/","ingen-paa-forside","","",""
"Sparkær IF","http://www.sparkaerif.dk/","ingen-paa-forside","","",""
"ST 70","http://www.st70.dk/","ingen-paa-forside","","",""
"Stenløse BK","http://www.stenloese-bk.dk/","ingen-paa-forside","","",""
"Spentrup IF","http://www.spentrupif.dk/","ingen-paa-forside","","",""
"Stilling IF","http://www.stillingfodbold.dk/","ingen-paa-forside","","",""
"Stillinge IF","http://www.stillingeif.dk/","ingen-paa-forside","","",""
"Stavtrup IF Fodbold","http://www.stavtrupfodbold.dk/","ingen-paa-forside","","",""
"Stenstrup IF","http://stenstrupif.dk/","ingen-paa-forside","","",""
"Store Heddinge BK","http://www.storeheddingeboldklub.dk/","ingen-paa-forside","","",""
"Store Lyngby IF","http://stlyngbyif.dk/","ingen-paa-forside","","",""
"Strandby IF Farsø","http://www.strandbyif.dk/","unreachable","","",""
"St. Restrup IF","http://www.strestrupif.dk/","ingen-paa-forside","","",""
"Strellev/Lyne GU","http://www.slgu.dk/","ingen-paa-forside","","",""
"Stoholm IF","http://www.stoholm-if.dk/fodbold","ingen-paa-forside","","",""
"Stepping IF","http://www.stepping.dk/","ingen-paa-forside","","",""
"Storvorde/Sejlflod B","http://www.ssb-storvorde.dk/","egen-kampklar-side","true","https://www.ssb-storvorde.dk/klubinfo/kampklar/","Kampklar"
"Strandby-Elling-Nielstrup IF Fodbold","http://www.seiffodbold.dk/","ingen-paa-forside","","",""
"Struer B","http://www.struerboldklub.dk/","ingen-paa-forside","","",""
"Strib IF","http://www.stribif.dk/","ingen-paa-forside","","",""
"Stensballe IK","http://www.stensballeikfodbold.dk/","ingen-paa-forside","","",""
"SUB Ullerslev","http://www.sub-ullerslev.dk/","ingen-paa-forside","","",""
"Stubbekøbing BK","http://www.sb-boldklub.dk/","ingen-paa-forside","","",""
"Sundby Thy IK","http://www.sundbythy.dk/","ingen-paa-forside","","",""
"Sundeved Efterskoles IF","http://www.sundeved-efterskole.dk/","ingen-paa-forside","","",""
"Støvring IF Fodbold","http://www.siffodbold.dk/","ingen-paa-forside","","",""
"Sulsted IF","http://www.sulstedif.dk/","ingen-paa-forside","","",""
"Sundby Boldklub","http://www.sundbyboldklub.dk/","ingen-paa-forside","","",""
"Svendborg Efterskole","http://rantz.dk/","unreachable","","",""
"Suså IF","http://www.susaaif.dk/","ingen-paa-forside","","",""
"Svinninge IF","http://svinningeif.dk/","ingen-paa-forside","","",""
"Sunds IF","http://www.sundsif.dk/","kun-link-til-dbu","","http://mit.dbu.dk/MyTeam/MyTeams.aspx","Kampklar"
"Syd- & Østsjællands","http://www.soef.dk/","unreachable","","",""
"Svogerslev BK","http://www.svogerslev-bk.dk/","ingen-paa-forside","","",""
"Sydmors IF","http://www.sydmors.dk/","ingen-paa-forside","","",""
"Rørbæk IF","http://www.nif-rif.dk/","unreachable","","",""
"STUK Overbygning","http://stuk.dk/","ingen-paa-forside","","",""
"Svenstrup-Godthåb IF","http://www.sgifklub.dk/","ingen-paa-forside","","",""
"Svaneke Idræts Klub","http://www.svaneke-ik.dk/","ingen-paa-forside","","",""
"Stidsholt IF (Efterskole)","http://www.stidsholt.dk/","ingen-paa-forside","","",""
"Sædding/G IF","http://www.sgi-fodbold.dk/","ingen-paa-forside","","",""
"Sydvestjysk Fodbolddommerklub","http://www.sfdk.dk/","ingen-paa-forside","","",""
"Søllested IF","http://www.sifbold.dk/","unreachable","","",""
"Syvsten IF","http://www.syvstenif.dk/","ingen-paa-forside","","",""
"Søften GF","http://www.sgf-fodbold.dk/","kun-link-til-dbu","","https://mit.dbu.dk/Login.aspx?ReturnUrl=%2f","KampKlar"
"Søllinge Sport og Fritid","http://www.sollingeboldklub.dk/","ingen-paa-forside","","",""
"Sønderborg Boldklub","http://www.sonderborgboldklub.dk/","ingen-paa-forside","","",""
"Søhus IF","http://www.soehusstige.dk/","ingen-paa-forside","","",""
"Sønderris SK","http://www.soenderris-sk.dk/","ingen-paa-forside","","",""
"Sønderbro Fight","http://www.sonderbro-fight.dk/","ingen-paa-forside","","",""
"Sønderborg Fremad","http://www.sonderborgfremad.dk/","egen-kampklar-side","false","https://www.sonderborgfremad.dk/klub-info/kampklar/","Kampklar"
"Sørup IF","http://www.facebook.com/soerupif","ingen-paa-forside","","",""
"Sønderjydsk Fodbolddommerklub","http://www.sonderjydsk-fodbolddommer.dk/","ingen-paa-forside","","",""
"Studenter Settlementets Boldklub","http://www.ssb-sport.dk/","ingen-paa-forside","","",""
"Såby Fodbold","http://www.saabyfodbold.dk/","ingen-paa-forside","","",""
"Søndersø BK","http://www.sondersobk.dk/","egen-kampklar-side","false","https://www.sondersobk.dk/kontakt-os/kampklaransvarlig/","Kampklaransvarlig"
"Tarm IF","http://www.tarmif.dk/","ingen-paa-forside","","",""
"Taulov/Skærbæk IF","http://www.tsiffodbold.dk/","ingen-paa-forside","","",""
"Tarp B","http://www.tarpboldklub.dk/","egen-kampklar-side","true","https://www.tarpboldklub.dk/klubben/manualer/kampklar-app-en/","Kampklar app&#39;en"
"Sønderup/Suldrup IK Frem","http://wp.ikfrem.dk/fodbold","ingen-paa-forside","","",""
"Taps.dk - By- og IF","http://www.taps.dk/","unreachable","","",""
"Team Viborg","http://teamviborg.dk/","ingen-paa-forside","","",""
"Tarup/Paarup IF","http://www.tpifodbold.dk/","ingen-paa-forside","","",""
"Terslev G&IF","http://www.tgif.dk/","ingen-paa-forside","","",""
"Terndrup IF","http://www.terndrupif.dk/","ingen-paa-forside","","",""
"Sydøstjysk Fodbolddommerklub","http://www.sydoestjyskdommer.dk/","ingen-paa-forside","","",""
"Tejn IF","http://www.tejnif.dk/","ingen-paa-forside","","",""
"Them GF","http://www.themgf.dk/","ingen-paa-forside","","",""
"Thurø BK af 1920","http://www.thuroeboldklub.dk/","ingen-paa-forside","","",""
"Thyland idrætsefterskole","http://www.thyland.dk/","unreachable","","",""
"Thisted FC","http://www.thistedfc.dk/","ingen-paa-forside","","",""
"Thisted FC (professional)","http://www.thistedfc.dk/","ingen-paa-forside","","",""
"Thyregod SF Frem","http://www.frem-thyregod.dk/","ingen-paa-forside","","",""
"Thorup/Klim B","http://www.thorupklimboldklub.dk/","ingen-paa-forside","","",""
"Tirstrup Idrætsefterskole","http://www.tirstrup-ie.dk/","ingen-paa-forside","","",""
"Tistrup B","http://www.tistrupboldklub.dk/","ingen-paa-forside","","",""
"Tinglev IF","http://www.tinglevif.dk/","ingen-paa-forside","","",""
"Tingsted BK","http://www.tingsted-boldklub.dk/","ingen-paa-forside","","",""
"Thyholm IF","http://www.thyholm-if.dk/","ingen-paa-forside","","",""
"Toftlund IF","http://www.tiffodbold.dk/","ingen-paa-forside","","",""
"Toksværd Olstrup Fodbold","http://www.t-o-f.dk/","ingen-paa-forside","","",""
"Tilsted IK","http://www.tilstedik.dk/","ingen-paa-forside","","",""
"Tisvildeleje GF","http://www.vtfodbold.dk/","ingen-paa-forside","","",""
"Tornby IF","http://www.tornbyif.dk/","ingen-paa-forside","","",""
"Tommerup BK","http://www.tommerupbk.dk/","ingen-paa-forside","","",""
"Thorning IF","http://www.thorningif.dk/fodbold_65","ingen-paa-forside","","",""
"Torpedo AT","http://www.facebook.dk/ATTorpedo","ingen-paa-forside","","",""
"Tranum GF","http://www.tranumgf.dk/","ingen-paa-forside","","",""
"tst Fodbold","http://www.tst-fodbold.dk/","kun-link-til-dbu","","https://klubservice.dbu.dk/kampklar/vejledning/til-spillere-og-foraeldre/","DBUS FODBOLDAPP OG KAMPKLAR"
"Tjørring IF","http://www.tjoerring-fodbold.dk/","ingen-paa-forside","","",""
"Thorsø/Tungelund IF","http://www.t-if.dk/","ingen-paa-forside","","",""
"Tvis KFUM & IF","http://fodbold.tvisby.dk/","unreachable","","",""
"Tuse Næs BK","http://www.tusenaesboldklub.dk/","ingen-paa-forside","","",""
"Tylstrup IF","http://www.tuif.dk/","ingen-paa-forside","","",""
"Tved BK","http://www.tvedboldklub.dk/","egen-kampklar-side","true","https://www.tvedboldklub.dk/kampklar/","KampKlar"
"Tuse IF","http://www.tusefodbold.dk/","ingen-paa-forside","","",""
"Trustrup-Ålsrode IF","http://www.taaif.dk/","ingen-paa-forside","","",""
"Tølløse BK","http://www.tbk-fodbold.dk/","ingen-paa-forside","","",""
"Tølløse Privat- og Efterskole","http://tpoe.dk/","ingen-paa-forside","","",""
"Torslunde-Ishøj IF","http://www.tiif.dk/fodbold/","ingen-paa-forside","","",""
"Taarbæk IF","http://www.taarbaekif.dk/","ingen-paa-forside","","",""
"Tømmerup GU","http://www.tgu.klub-modul.dk/","ingen-paa-forside","","",""
"Tørring IF","http://www.toerring-if.dk/","ingen-paa-forside","","",""
"Tårup IF","http://www.taarupif.dk/","ingen-paa-forside","","",""
"Tønder SF","http://www.tsf-fodbold.dk/","egen-kampklar-side","false","https://www.tsf-fodbold.dk/traenerinfo/kampklar/","Kampklar"
"Tune IF","http://www.tune-if.dk/","ingen-paa-forside","","",""
"Taastrup FC","http://www.taastrupfc.com/","ingen-paa-forside","","",""
"Ubberud IF","http://www.ubberud-if.dk/","ingen-paa-forside","","",""
"Tåsinge f. B.","http://www.taasingefb.dk/","egen-kampklar-side","true","https://www.taasingefb.dk/for-medlemmer/dbu-fodbold-app-kampklar/","DBU Fodbold app (Kampklar)"
"Uldum IF","http://www.uldum-if.dk/","ingen-paa-forside","","",""
"Uhre GIF","http://www.uhregif.dk/","ingen-paa-forside","","",""
"Tårnby FF","http://www.taarnbyff.dk/","egen-kampklar-side","true","https://www.taarnbyff.dk/holdoversigt/boern-ungdom/kampklar/","KampKlar"
"Ulsted B","http://www.ulstedboldklub.dk/","ingen-paa-forside","","",""
"Ubby Fri- og Efterskole","http://ubby.dk/","ingen-paa-forside","","",""
"Ulbjerg IF","http://www.ulbjergif.dk/","ingen-paa-forside","","",""
"Uvelse IF","http://www.uif.dk/","ingen-paa-forside","","",""
"Vadum IF","http://www.vadum-fodbold.dk/","ingen-paa-forside","","",""
"Tårs/Ugilt IF","http://www.taars-ugilt-if.dk/","ingen-paa-forside","","",""
"University College Lillebælt Football Club","http://www.facebook.com/UCLFC","ingen-paa-forside","","",""
"Undløse BK","http://www.ub1901.dk/","ingen-paa-forside","","",""
"Systofte BK","http://www.systofte-boldklub.dk/","unreachable","","",""
"Valsgård IF 83","http://www.vif83.dk/","ingen-paa-forside","","",""
"Vanløse Idræts Forening","http://www.vanloeseif.dk/","egen-guide","true","https://www.vanloeseif.dk/medlemskab/kampklar-vejledning/","KampKlar (Vejledning)"
"Vandel Efterskole","http://www.vandelefterskole.dk/","ingen-paa-forside","","",""
"Vallensbæk IF","http://www.vallensbaek-if.dk/","kun-link-til-dbu","","https://mit.dbu.dk/Login.aspx?ReturnUrl=%2fMyTeam%2fMyTeams.aspx#","Login Kampklar"
"Vamdrup IF","http://www.viffodbold.dk/","ingen-paa-forside","","",""
"Varnæs/Bovrup IF","http://www.vbif.dk/","ingen-paa-forside","","",""
"Vatanspor","http://www.vatanspor.dk/","ingen-paa-forside","","",""
"Veddum IF","http://www.veddumif.dk/","kun-link-til-dbu","","https://mit.dbu.dk/MyTeam/MyTeams.aspx#","Kampklar"
"Valby Boldklub","http://www.valbyboldklub.dk/","ingen-paa-forside","","",""
"Varde IF","http://www.vardeif.dk/","ingen-paa-forside","","",""
"Veflinge G &  IF","http://www.vgif.dk/","ingen-paa-forside","","",""
"Vejby IF","http://www.vtfodbold.dk/","ingen-paa-forside","","",""
"Vejen SF","http://www.vejensf.dk/","ingen-paa-forside","","",""
"Vejle B","http://www.vejleboldklub.dk/","egen-kampklar-side","true","https://www.vejleboldklub.dk/medlemmer/traenere/dbu-kampklar/","DBU Kampklar"
"Vejgaard B","http://www.vejgaard-bk.dk/","ingen-paa-forside","","",""
"Vejle FC","http://www.vejlefc.dk/","ingen-paa-forside","","",""
"Vejle Fodbolddommerklub","http://www.vejlefodbolddommerklub.dk/","ingen-paa-forside","","",""
"Vellev IF","http://www.vellev-if.dk/","ingen-paa-forside","","",""
"Vejlby Skovbakken Aarhus","http://www.vskaarhus.dk/","egen-guide","false","https://www.vskaarhus.dk/login/administration/kluboffice/vejledninger/adgang-til-et-holds-kampklar/","Adgang til et holds KampKlar"
"Veksø IF","http://www.veksoe-if.dk/","ingen-paa-forside","","",""
"Vejle Kammeraterne","http://www.vejle-kammeraterne.dk/","egen-kampklar-side","false","https://www.vejle-kammeraterne.dk/fodbold/ind-og-ud-meldelser/mit-dbu-kampklar-driblr/","Mit DBU, Kampklar &amp; Driblr"
"Vemmelev BK","http://www.vemmelev-boldklub.dk/","ingen-paa-forside","","",""
"Vejle Idrætsefterskole","http://www.vies.dk/","ingen-paa-forside","","",""
"Vestbirk Musik- & Sportsefterskole","http://www.vestbirk-efterskole.dk/","ingen-paa-forside","","",""
"Vester Hjermitslev B","http://www.123hjemmeside.dk/vhb","unreachable","","",""
"Vester Hassing GF","http://www.vhg.dk/","ingen-paa-forside","","",""
"Vesterborg Efterskole","http://vesterborgefterskole.dk/","unreachable","","",""
"Vesterbro Alliancen","http://www.fcva.dk/","unreachable","","",""
"Vestervig/Agger IF","http://www.vaif.dk/","unreachable","","",""
"Vestsjællands idrætsefterskole","http://www.efterskole.nu/","unreachable","","",""
"Verninge IF","http://www.verningeif.dk/","egen-kampklar-side","true","https://www.verningeif.dk/traener/kampklar-for-traener/","Kampklar for tr&#230;ner"
"Vejrumbro Boldklub","http://www.vejrumbroboldklub.dk/","ingen-paa-forside","","",""
"Viborg Vestermarken","http://www.vugf.dk/","ingen-paa-forside","","",""
"Viborg FF","http://www.viborg-ff.dk/","ingen-paa-forside","","",""
"Viby IF","http://www.vibyfodbold.dk/","ingen-paa-forside","","",""
"Videbæk IF","http://www.vif-fodbold.dk/","ingen-paa-forside","","",""
"Viborg B67","http://www.viborgb67.dk/","ingen-paa-forside","","",""
"Velling UIF","http://www.vuif.eu/","ingen-paa-forside","","",""
"Vildbjerg SF","http://www.vsf-fodbold.dk/","ingen-paa-forside","","",""
"Vinderslev IF","http://www.vinderslev-if.dk/","ingen-paa-forside","","",""
"Viking Fodbold","http://www.vikingfodbold.dk/","ingen-paa-forside","","",""
"Vinding SF","http://www.vsffodbold.dk/","ingen-paa-forside","","",""
"Viborg FF Oldboys 2003","http://www.vff.dk/","ingen-paa-forside","","",""
"Vinderup IK","http://www.vinderup-ik.dk/","ingen-paa-forside","","",""
"Vindinge IF","http://www.vindinge-if.dk/","ingen-paa-forside","","",""
"Vindinge BK","http://www.vindingeboldklub.dk/","ingen-paa-forside","","",""
"Vipperød BK","http://www.vipperod-bk.dk/","ingen-paa-forside","","",""
"Virring Fodbold","http://www.virringfodbold.dk/","ingen-paa-forside","","",""
"VIF, Mors","http://www.vifmors.dk/","ingen-paa-forside","","",""
"Visborg IF","http://www.visborg-if.dk/","unreachable","","",""
"Virklund B","http://www.virklundboldklub.dk/","ingen-paa-forside","","",""
"Vittrup Efterskole - Lukket ??","http://www.vittrupefterskole.dk/","unreachable","","",""
"Vinding UIF","http://www.vinding-uif.dk/","ingen-paa-forside","","",""
"Vivild IF","http://www.vivild-if.dk/","ingen-paa-forside","","",""
"Vivild Gymnastik- og Idrætsefterskole","http://www.vgi.dk/","ingen-paa-forside","","",""
"Virup IF","http://www.virupif.dk/","ingen-paa-forside","","",""
"Virum-Sorgenfri BK","http://www.vsb-fodbold.dk/","egen-guide","true","https://www.vsb-fodbold.dk/vaerdier-retningslinier/foraeldre/kampklar-vejledning/","KAMPKLAR VEJLEDNING"
"Vissenbjerg G & IF","http://www.vgif-fodbold.dk/","ingen-paa-forside","","",""
"Vestbjerg IF","http://www.vestbjergif.dk/fodbold","ingen-paa-forside","","",""
"Vodskov IF","http://www.vodskovfodbold.dk/","ingen-paa-forside","","",""
"Voersaa IF","http://www.voersaa-if.dk/","ingen-paa-forside","","",""
"Vojens BI","http://www.vbi.dk/","ingen-paa-forside","","",""
"Vonsild FK","http://www.vonsildfodboldklub.dk/","ingen-paa-forside","","",""
"Vorgod-Barde Motion og fritid","http://www.vorgodbardehallen.dk/","ingen-paa-forside","","",""
"Vorupør B","http://www.voruporbk.dk/","unreachable","","",""
"Vordingborg IF","http://www.vifnet.dk/","ingen-paa-forside","","",""
"Vorbasse Boldklub af 1912","http://www.vorbasseboldklub.dk/","ingen-paa-forside","","",""
"Vrå/Børglum IF","http://www.vbi-vraa.dk/","ingen-paa-forside","","",""
"Vorup FB","http://www.vorupfb.dk/","ingen-paa-forside","","",""
"Værløse BK","http://www.vbold.dk/","ingen-paa-forside","","",""
"Værum GF","http://www.vaerum.net/","ingen-paa-forside","","",""
"Vojens Gymnastik- & Idrætsefterskole","http://www.vgie.dk/","ingen-paa-forside","","",""
"ØBG Silkeborg","http://www.obg.dk/","ingen-paa-forside","","",""
"Ølgod IF","http://www.olgod-if.dk/","ingen-paa-forside","","",""
"Væggerløse BK","http://www.vbfodbold.dk/","kun-link-til-dbu","","https://klubservice.dbu.dk/kampklar/",""
"Ølholm B","http://www.ølholmboldklub.dk/","ingen-paa-forside","","",""
"Vor Frue IF","http://www.vorfrueif.dk/","ingen-paa-forside","","",""
"Ølsted IF","http://www.boldenruller.dk/","ingen-paa-forside","","",""
"Vaarst/Fjellerad B","http://www.vfb-sport.dk/","ingen-paa-forside","","",""
"Ølstrup GU","http://www.olstrupgu.dk/","ingen-paa-forside","","",""
"Ølstykke FC","http://www.olstykke-fodbold.dk/","ingen-paa-forside","","",""
"Ørslev-Bjerge IF","http://www.oebif.dk/","ingen-paa-forside","","",""
"Ørslevkloster IF","http://www.okif.dk/","ingen-paa-forside","","",""
"Ødis IF","http://www.odis-if.dk/","ingen-paa-forside","","",""
"Ørestad IF","http://www.orestadif.dk/","ingen-paa-forside","","",""
"ØKF","http://www.oekf.dk/","ingen-paa-forside","","",""
"Øster Højst UIF","http://www.øhuif.dk/","ingen-paa-forside","","",""
"Ørslev GIF (V)","http://www.oegif.dk/","ingen-paa-forside","","",""
"Østbirk IF","http://www.ostbirkif.dk/","ingen-paa-forside","","",""
"Øster Brønderslev IF","http://www.oebi.dk/","ingen-paa-forside","","",""
"Øster Nykirke IF","http://www.onif.dk/","ingen-paa-forside","","",""
"Østerbro Idræts Forening","http://www.osterbro-if.dk/","ingen-paa-forside","","",""
"Østervraa IF","http://www.oevifodbold.com/","unreachable","","",""
"Øster Sundby B32","http://www.oeb32.dk/","ingen-paa-forside","","",""
"Øster Ulslev BK","http://www.øub.dk/","ingen-paa-forside","","",""
"Østofte GIF (PASSIV)","http://www.o-g-i-f.dk/","ingen-paa-forside","","",""
"Østmøn SGI","http://www.eastmoenfk.dk/","ingen-paa-forside","","",""
"AaB","http://www.aabaf1885.dk/","ingen-paa-forside","","",""
"Aabenraa BK","http://www.aabk.dk/","ingen-paa-forside","","",""
"Aabybro IF","http://www.aabybrofodbold.dk/","ingen-paa-forside","","",""
"Ådalen IF","http://www.ifaa.dk/","ingen-paa-forside","","",""
"Aabyhøj IF","http://www.aaif-fodbold.dk/","egen-kampklar-side","false","https://www.aaiffodbold.dk/medlemsskab/til-foraeldre/kampklar/","KampKlar"
"Øster Vedsted IF","http://www.ostervedstedif.dk/","ingen-paa-forside","","",""
"Østermarie IF","http://www.øif.dk/","ingen-paa-forside","","",""
"Aalborg Fodbolddommerklub","https://aalborgfdk.dk/","ingen-paa-forside","","",""
"Aalborg Fremad","http://www.aalborgfremad.dk/","ingen-paa-forside","","",""
"Aakanden GF","http://www.aakandengf.dk/","ingen-paa-forside","","",""
"Aalborg Chang","http://www.aalborgchang.dk/","ingen-paa-forside","","",""
"Aalborg Studenternes IF","http://www.aasi.dk/fodbold","unreachable","","",""
"Aalborg Futsal Klub","http://www.aalborgfutsal.dk/","ingen-paa-forside","","",""
"Ålholm IF","http://fodbold.aalholm-if.dk/","ingen-paa-forside","","",""
"Åkirkeby IF","http://www.aaif.dk/","ingen-paa-forside","","",""
"Aalestrup IF","http://www.aalestrup-if.dk/","ingen-paa-forside","","",""
"Aarhus 1900","http://www.aarhus1900fodbold.dk/","ingen-paa-forside","","",""
"Aalborg Freja","http://www.aalborgfreja.dk/","egen-guide","true","https://www.aalborgfreja.dk/om-freja/den-blaa-traad/traenerguide/hjaelp-til-kampklar/","Hj&#230;lp til KampKlar"
"Aarhus Black Vipers","http://www.facebook.com/abvipers","ingen-paa-forside","","",""
"Aalborg KFUM Fodbold","http://www.aalborgkfumfodbold.dk/","ingen-paa-forside","","",""
"Vendsyssel FF (professional)","http://www.fc-hjoerring.dk/","unreachable","","",""
"Aarhus Fremad","http://www.aarhus-fremad-fodbold.dk/","ingen-paa-forside","","",""
"Aarhus Posten","http://www.aarhusposten.dk/","ingen-paa-forside","","",""
"Østerlars B.","http://osterlars-sport.dk/","ingen-paa-forside","","",""
"Aarhus Fodbolddommerklub","http://www.afdk.dk/","ingen-paa-forside","","",""
"Aarsballe B.","http://www.aarsballe-boldklub.dk/","ingen-paa-forside","","",""
"Aars IK","http://www.aarsik.dk/","ingen-paa-forside","","",""
"Aarslev BK","http://www.aarslevboldklub.dk/","egen-kampklar-side","true","https://www.aarslevboldklub.dk/holdsiderne/aa-b-er-kampklar-er-du/","AA.B er kampklar! Er du?"
"Aastrup IF","http://www.aastrup-if.dk/","ingen-paa-forside","","",""
"Aarup BK","http://fodboldaarupboldklub.dk/","egen-guide","true","https://www.fodboldaarupboldklub.dk/praktisk-info/vejledning-til-kampklar/","Vejledning til KampKlar"
"Vapnagård FK 72","http://www.vfk72.dk/","unreachable","","",""